piece	TimeSig	KeySig	last_mc	last_mn	length_qb	last_mc_unfolded	last_mn_unfolded	length_qb_unfolded	all_notes_qb	n_onsets	n_onset_positions	guitar_chord_count	form_label_count	label_count	composer	workTitle	movementNumber	movementTitle	workNumber	poet	lyricist	arranger	copyright	creationDate	platform	source	translator	title_text	subtitle_text	composer_text	musescore	ms3_version	subdirectory	rel_path	has_drumset	ambitus	staff_1_instrument	staff_1_ambitus	staff_2_instrument	staff_2_ambitus
A-MCAU_ZI1785-001_SID039	1: 4/4	1: -1	10	10	40.0	10	10	40.0	72.0	71	38	0	0	0	Benedix Friedrich Zinck	"Mein erst Gefühl sey Preiß und Dank
"								2021-03-10	Microsoft Windows			"Mein erst Gefühl sey Preiß und Dank
"	ZI1785-001	Benedix Friedrich Zinck	3.6.2	2.5.3	1785_VollständigeSammlung/Analysis-MusiCAU	1785_VollständigeSammlung/Analysis-MusiCAU/A-MCAU_ZI1785-001_SID039.mscx	False	36-75 (C2-Eb5)	Piano	65-75 (F4-Eb5)	Piano	36-55 (C2-G3)
A-MCAU_ZI1785-002a_SID008	1: 4/4	1: 0	15	15	60.0	20	20	80.0	108.0	90	49	0	0	0	Benedix Friedrich Zinck	"Erwachet, Harf und Psalter [Melodie a]
"								2021-02-25	Microsoft Windows			"Erwachet, Harf und Psalter [Melodie a]
"	ZI1785-002a	Benedix Friedrich Zinck	3.6.2	2.5.3	1785_VollständigeSammlung/Analysis-MusiCAU	1785_VollständigeSammlung/Analysis-MusiCAU/A-MCAU_ZI1785-002a_SID008.mscx	False	41-74 (F2-D5)	Piano	62-74 (D4-D5)	Piano	41-55 (F2-G3)
A-MCAU_ZI1785-002b	1: 4/4	1: -2	14	14	56.0	19	19	76.0	100.0	87	45	0	0	0	Bendix Friedrich Zinck	Erwachet, harf und Pfalter								2022-08-02	Microsoft Windows			Erwachet, harf und Pfalter	ZI1785-002b	Bendix Friedrich Zinck	3.6.2	2.5.3	1785_VollständigeSammlung/Analysis-MusiCAU	1785_VollständigeSammlung/Analysis-MusiCAU/A-MCAU_ZI1785-002b.mscx	False	38-75 (D2-Eb5)	Piano	62-75 (D4-Eb5)	Piano	38-57 (D2-A3)
A-MCAU_ZI1785-002c	1: 4/4	1: 0	14	14	56.0	28	28	112.0	96.0	83	44	0	0	0	Bendix Friedrich Zinck	Erwachet, Harf und Psalter								2022-06-27	Microsoft Windows			Erwachet, Harf und Psalter	ZI1785-002c	Bendix Friedrich Zinck	3.6.2	2.5.3	1785_VollständigeSammlung/Analysis-MusiCAU	1785_VollständigeSammlung/Analysis-MusiCAU/A-MCAU_ZI1785-002c.mscx	False	36-76 (C2-E5)	Piano	60-76 (C4-E5)	Piano	36-55 (C2-G3)
A-MCAU_ZI1785-003_SID092	1: 4/4	1: 1	10	10	40.0	10	10	40.0	72.0	72	39	0	0	0	Benedix Friedrich Zinck	Wach auf mein Herz und singe								2022-08-22	Microsoft Windows			Wach auf mein Herz und singe	ZI1785-003	Benedix Friedrich Zinck	3.6.2	2.5.3	1785_VollständigeSammlung/Analysis-MusiCAU	1785_VollständigeSammlung/Analysis-MusiCAU/A-MCAU_ZI1785-003_SID092.mscx	False	38-72 (D2-C5)	Piano	64-72 (E4-C5)	Piano	38-55 (D2-G3)
A-MCAU_ZI1785-004_SID032	1: 4/4	1: 1	9	9	36.0	14	14	56.0	72.0	63	32	0	0	0	Benedix Friedrich Zinck	"Gott des Himmels und der Erde
"								2021-02-25	Microsoft Windows			"Gott des Himmels und der Erde
"	ZI1785-004	Benedix Friedrich Zinck	3.6.2	2.5.3	1785_VollständigeSammlung/Analysis-MusiCAU	1785_VollständigeSammlung/Analysis-MusiCAU/A-MCAU_ZI1785-004_SID032.mscx	False	42-74 (F#2-D5)	Piano	62-74 (D4-D5)	Piano	42-55 (F#2-G3)
A-MCAU_ZI1785-005_SID006	1: 4/4	1: -1	14	14	56.0	19	19	76.0	100.0	93	51	0	0	0	Benedix Friedrich Zinck	"Des Morgens erste Stunde
"								2021-02-25	Microsoft Windows			"Des Morgens erste Stunde
"	ZI1785-005	Benedix Friedrich Zinck	3.6.2	2.5.3	1785_VollständigeSammlung/Analysis-MusiCAU	1785_VollständigeSammlung/Analysis-MusiCAU/A-MCAU_ZI1785-005_SID006.mscx	False	36-72 (C2-C5)	Piano	64-72 (E4-C5)	Piano	36-53 (C2-F3)
A-MCAU_ZI1785-006_SID047	1: 4/4	1: 1	11	11	44.0	16	16	64.0	88.0	75	38	0	0	0	Benedix Friedrich Zinck	"Noch erleuchtet mich dein Licht
"								2021-03-10	Microsoft Windows			"Noch erleuchtet mich dein Licht
"	ZI1785-006	Benedix Friedrich Zinck	3.6.2	2.5.3	1785_VollständigeSammlung/Analysis-MusiCAU	1785_VollständigeSammlung/Analysis-MusiCAU/A-MCAU_ZI1785-006_SID047.mscx	False	38-74 (D2-D5)	Piano	62-74 (D4-D5)	Piano	38-55 (D2-G3)
A-MCAU_ZI1785-007_SID074	1: 4/4	1: 1	12	12	48.0	12	12	48.0	86.0	83	45	0	0	0	Benedix Friedrich Zinck	Ihm, der das Licht entstehen ließ								2021-04-09	Microsoft Windows			Ihm, der das Licht entstehen ließ	ZI1785-007	Benedix Friedrich Zinck	3.6.2	2.5.3	1785_VollständigeSammlung/Analysis-MusiCAU	1785_VollständigeSammlung/Analysis-MusiCAU/A-MCAU_ZI1785-007_SID074.mscx	False	43-74 (G2-D5)	Piano	67-74 (G4-D5)	Piano	43-57 (G2-A3)
A-MCAU_ZI1785-008	1: 4/4	1: 2	13	13	52.0	13	13	52.0	96.0	90	45	0	0	0	Bendix Friedrich Zinck	Laßt Gott uns preisen								2022-08-02	Microsoft Windows			Laßt Gott uns preisen	ZI1785-008	Bendix Friedrich Zinck	3.6.2	2.5.3	1785_VollständigeSammlung/Analysis-MusiCAU	1785_VollständigeSammlung/Analysis-MusiCAU/A-MCAU_ZI1785-008.mscx	False	38-76 (D2-E5)	Piano	62-76 (D4-E5)	Piano	38-57 (D2-A3)
A-MCAU_ZI1785-009_SID036	1: 4/4	1: -2	10	10	40.0	10	10	40.0	72.0	70	38	0	0	0	Benedix Friedrich Zinck	"Dir, Vater, dir, mein Heil, o Sohn
"								2021-03-10	Microsoft Windows			"Dir, Vater, dir, mein Heil, o Sohn
"	ZI1785-009	Benedix Friedrich Zinck	3.6.2	2.5.3	1785_VollständigeSammlung/Analysis-MusiCAU	1785_VollständigeSammlung/Analysis-MusiCAU/A-MCAU_ZI1785-009_SID036.mscx	False	41-75 (F2-Eb5)	Piano	65-75 (F4-Eb5)	Piano	41-58 (F2-Bb3)
A-MCAU_ZI1785-010a_SID048	1: 4/4	1: -1	9	9	36.0	9	9	36.0	64.0	63	34	0	0	0	Benedix Friedrich Zinck	"Vergangen ist auch diese Nacht [Melodie a]
"								2021-03-10	Microsoft Windows			"Vergangen ist auch diese Nacht [Melodie a]
"	ZI1785-010a	Benedix Friedrich Zinck	3.6.2	2.5.3	1785_VollständigeSammlung/Analysis-MusiCAU	1785_VollständigeSammlung/Analysis-MusiCAU/A-MCAU_ZI1785-010a_SID048.mscx	False	36-74 (C2-D5)	Piano	65-74 (F4-D5)	Piano	36-55 (C2-G3)
A-MCAU_ZI1785-010b	1: 4/4	1: 2	9	9	36.0	9	9	36.0	64.0	59	31	0	0	0	Bendix Friedrich Zinck	Vergangen ist auch diese Nacht								2022-06-27	Microsoft Windows			Vergangen ist auch diese Nacht	ZI1785-010b	Bendix Friedrich Zinck	3.6.2	2.5.3	1785_VollständigeSammlung/Analysis-MusiCAU	1785_VollständigeSammlung/Analysis-MusiCAU/A-MCAU_ZI1785-010b.mscx	False	38-74 (D2-D5)	Piano	62-74 (D4-D5)	Piano	38-52 (D2-E3)
A-MCAU_ZI1785-011a	1: 4/4	1: 0	10	10	40.0	20	20	80.0	72.0	70	37	0	0	0	Bendix Friedrich Zinck	Mein Gott nun ist es wieder Morgen								2022-06-21	Microsoft Windows			Mein Gott nun ist es wieder Morgen	ZI1785-011a	Bendix Friedrich Zinck	3.6.2	2.5.3	1785_VollständigeSammlung/Analysis-MusiCAU	1785_VollständigeSammlung/Analysis-MusiCAU/A-MCAU_ZI1785-011a.mscx	False	41-77 (F2-F5)	Piano	60-77 (C4-F5)	Piano	41-57 (F2-A3)
A-MCAU_ZI1785-011b_SID080	1: 4/4	1: 0	10	10	40.0	15	15	60.0	72.0	69	36	0	0	0	Benedix Friedrich Zinck	Mein Gott nun ist es wieder Morgen [Melodie b]								2021-10-23	Microsoft Windows			Mein Gott nun ist es wieder Morgen [Melodie b]	ZI1785-011b	Benedix Friedrich Zinck	3.6.2	2.5.3	1785_VollständigeSammlung/Analysis-MusiCAU	1785_VollständigeSammlung/Analysis-MusiCAU/A-MCAU_ZI1785-011b_SID080.mscx	False	40-76 (E2-E5)	Piano	64-76 (E4-E5)	Piano	40-57 (E2-A3)
A-MCAU_ZI1785-011c	1: 4/4	1: -1	11	11	44.0	17	17	68.0	80.0	72	37	0	0	0	Bendix Friedrich Zinck	Mein Gott nun ist es wieder Morgen								2023-07-24	Microsoft Windows			Mein Gott nun ist es wieder Morgen	ZI1785-011c	Bendix Friedrich Zinck	3.6.2	2.5.3	1785_VollständigeSammlung/Analysis-MusiCAU	1785_VollständigeSammlung/Analysis-MusiCAU/A-MCAU_ZI1785-011c.mscx	False	36-74 (C2-D5)	Piano	64-74 (E4-D5)	Piano	36-55 (C2-G3)
A-MCAU_ZI1785-012_SID086	1: 4/4	1: 1	14	14	56.0	14	14	56.0	100.0	89	48	0	0	0	Benedix Friedrich Zinck	So tret ich freudig an								2021-04-09	Microsoft Windows			So tret ich freudig an	ZI1785-012	Benedix Friedrich Zinck	3.6.2	2.5.3	1785_VollständigeSammlung/Analysis-MusiCAU	1785_VollständigeSammlung/Analysis-MusiCAU/A-MCAU_ZI1785-012_SID086.mscx	False	38-74 (D2-D5)	Piano	64-74 (E4-D5)	Piano	38-55 (D2-G3)
A-MCAU_ZI1785-013_SID091	1: 4/4	1: 1	15	15	60.0	20	20	80.0	120.0	102	53	0	0	0	Benedix Friedrich Zinck	Wenn ich einst von jenem Schlummer								2022-08-22	Microsoft Windows			Wenn ich einst von jenem Schlummer	ZI1785-013	Benedix Friedrich Zinck	3.6.2	2.5.3	1785_VollständigeSammlung/Analysis-MusiCAU	1785_VollständigeSammlung/Analysis-MusiCAU/A-MCAU_ZI1785-013_SID091.mscx	False	38-77 (D2-F5)	Piano	67-77 (G4-F5)	Piano	38-60 (D2-C4)
A-MCAU_ZI1785-014a	1: 4/4	1: -2	13	13	52.0	13	13	52.0	96.0	89	47	0	0	0	Bendix Friedrich Zinck	Auf dich, o Vater, schauen unsre								2022-08-02	Microsoft Windows			Auf dich, o Vater, schauen unsre	ZI1785-014a	Bendix Friedrich Zinck	3.6.2	2.5.3	1785_VollständigeSammlung/Analysis-MusiCAU	1785_VollständigeSammlung/Analysis-MusiCAU/A-MCAU_ZI1785-014a.mscx	False	36-74 (C2-D5)	Piano	65-74 (F4-D5)	Piano	36-58 (C2-Bb3)
A-MCAU_ZI1785-014b	1: 4/4	1: 2	12	12	48.0	12	12	48.0	88.0	88	47	0	0	0	Bendix Friedrich Zinck	Auf dich,o Vater, schauen unsre								2022-06-27	Microsoft Windows			Auf dich,o Vater, schauen unsre	ZI1785-014b	Bendix Friedrich Zinck	3.6.2	2.5.3	1785_VollständigeSammlung/Analysis-MusiCAU	1785_VollständigeSammlung/Analysis-MusiCAU/A-MCAU_ZI1785-014b.mscx	False	38-76 (D2-E5)	Piano	62-76 (D4-E5)	Piano	38-57 (D2-A3)
A-MCAU_ZI1785-015_SID066	1: 4/4	1: -2	14	14	56.0	14	14	56.0	112.0	106	55	0	0	0	Benedix Friedrich Zinck	Danck dem milden Vater! Danck!								2021-04-09	Microsoft Windows			Danck dem milden Vater! Danck!	ZI1785-015	Benedix Friedrich Zinck	3.6.2	2.5.3	1785_VollständigeSammlung/Analysis-MusiCAU	1785_VollständigeSammlung/Analysis-MusiCAU/A-MCAU_ZI1785-015_SID066.mscx	False	36-77 (C2-F5)	Piano	65-77 (F4-F5)	Piano	36-57 (C2-A3)
A-MCAU_ZI1785-016a_SID053	1: 4/4	1: -1	13	13	52.0	18	18	72.0	92.0	82	42	0	0	0	Benedix Friedrich Zinck	"Wir danken freudig, dir, für [Melodie a]
"								2021-03-10	Microsoft Windows			"Wir danken freudig, dir, für [Melodie a]
"	ZI17875-016a	Benedix Friedrich Zinck	3.6.2	2.5.3	1785_VollständigeSammlung/Analysis-MusiCAU	1785_VollständigeSammlung/Analysis-MusiCAU/A-MCAU_ZI1785-016a_SID053.mscx	False	36-74 (C2-D5)	Piano	65-74 (F4-D5)	Piano	36-55 (C2-G3)
A-MCAU_ZI1785-016b	1: 4/4	1: 2	13	13	52.0	26	26	104.0	92.0	77	39	0	0	0	Bendix Friedrich Zinck	Wir danken freudig dir, für								2022-06-24	Microsoft Windows			Wir danken freudig dir, für	ZI1785-016b	Bendix Friedrich Zinck	3.6.2	2.5.3	1785_VollständigeSammlung/Analysis-MusiCAU	1785_VollständigeSammlung/Analysis-MusiCAU/A-MCAU_ZI1785-016b.mscx	False	38-76 (D2-E5)	Piano	62-76 (D4-E5)	Piano	38-57 (D2-A3)
A-MCAU_ZI1785-017_SID094	1: 4/4	1: -1	12	12	48.0	12	12	48.0	88.0	65	33	0	0	0	Benedix Friedrich Zinck	Wie ein Geschwätz des Tags verließt								2022-08-22	Microsoft Windows			Wie ein Geschwätz des Tags verließt	ZI1785-017	Benedix Friedrich Zinck	3.6.2	2.5.3	1785_VollständigeSammlung/Analysis-MusiCAU	1785_VollständigeSammlung/Analysis-MusiCAU/A-MCAU_ZI1785-017_SID094.mscx	False	38-74 (D2-D5)	Piano	62-74 (D4-D5)	Piano	38-55 (D2-G3)
A-MCAU_ZI1785-018_SID090	1: 4/4	1: -2	12	12	48.0	12	12	48.0	88.0	72	37	0	0	0	Benedix Friedrich Zinck	Erhalter, Menschenhüter! Danck								2022-08-22	Microsoft Windows			Erhalter, Menschenhüter! Danck	ZI1785-018	Benedix Friedrich Zinck	3.6.2	2.5.3	1785_VollständigeSammlung/Analysis-MusiCAU	1785_VollständigeSammlung/Analysis-MusiCAU/A-MCAU_ZI1785-018_SID090.mscx	False	43-72 (G2-C5)	Piano	65-72 (F4-C5)	Piano	43-55 (G2-G3)
A-MCAU_ZI1785-019_SID058	1: 4/4	1: 1	17	17	68.0	17	17	68.0	124.0	102	56	0	0	0	Benedix Friedrich Zinck	Du, Herr, hast mir das Leben								2021-04-09	Microsoft Windows			Du, Herr, hast mir das Leben	ZI1785-019	Benedix Friedrich Zinck	3.6.2	2.5.3	1785_VollständigeSammlung/Analysis-MusiCAU	1785_VollständigeSammlung/Analysis-MusiCAU/A-MCAU_ZI1785-019_SID058.mscx	False	42-74 (F#2-D5)	Piano	62-74 (D4-D5)	Piano	42-55 (F#2-G3)
A-MCAU_ZI1785-020_SID060	1: 4/4	1: 0	14	13	48.0	19	17	64.0	86.0	79	41	0	0	0	Benedix Friedrich Zinck	Der Tag ist wieder hin, und								2021-04-09	Microsoft Windows			Der Tag ist wieder hin, und	ZI1785-020	Benedix Friedrich Zinck	3.6.2	2.5.3	1785_VollständigeSammlung/Analysis-MusiCAU	1785_VollständigeSammlung/Analysis-MusiCAU/A-MCAU_ZI1785-020_SID060.mscx	False	40-74 (E2-D5)	Piano	60-74 (C4-D5)	Piano	40-57 (E2-A3)
A-MCAU_ZI1785-021_SID042	1: 4/4	1: 1	13	13	52.0	13	13	52.0	90.0	85	44	0	0	0	Benedix Friedrich Zinck	"Für alle Güte sey gepreißt
"								2021-03-10	Microsoft Windows			"Für alle Güte sey gepreißt
"	ZI1785-021	Benedix Friedrich Zinck	3.6.2	2.5.3	1785_VollständigeSammlung/Analysis-MusiCAU	1785_VollständigeSammlung/Analysis-MusiCAU/A-MCAU_ZI1785-021_SID042.mscx	False	40-76 (E2-E5)	Piano	63-76 (D#4-E5)	Piano	40-59 (E2-B3)
A-MCAU_ZI1785-022	1: 4/4	1: 0	17	17	68.0	23	23	92.0	128.0	125	68	0	0	0	Bendix Friedrich Zinck	Gepriesen, Gott, sey dein Erbarmen								2022-08-02	Microsoft Windows			Gepriesen, Gott, sey dein Erbarmen	ZI1785-022	Bendix Friedrich Zinck	3.6.2	2.5.3	1785_VollständigeSammlung/Analysis-MusiCAU	1785_VollständigeSammlung/Analysis-MusiCAU/A-MCAU_ZI1785-022.mscx	False	36-76 (C2-E5)	Piano	60-76 (C4-E5)	Piano	36-57 (C2-A3)
A-MCAU_ZI1785-023_SID029	1: 4/4	1: 1	14	14	56.0	19	19	76.0	112.0	101	52	0	0	0	Benedix Friedrich Zinck	"Herr es ist von meinem Leben
"								2021-02-25	Microsoft Windows			"Herr es ist von meinem Leben
"	ZI1785-023	Benedix Friedrich Zinck	3.6.2	2.5.3	1785_VollständigeSammlung/Analysis-MusiCAU	1785_VollständigeSammlung/Analysis-MusiCAU/A-MCAU_ZI1785-023_SID029.mscx	False	38-76 (D2-E5)	Piano	62-76 (D4-E5)	Piano	38-59 (D2-B3)
A-MCAU_ZI1785-024_SID025	1: 4/4	1: 2	13	13	52.0	18	18	72.0	94.0	84	44	0	0	0	Benedix Friedrich Zinck	"Frohlockend danck ich, Vater, dir
"								2021-02-25	Microsoft Windows			"Frohlockend danck ich, Vater, dir
"	ZI1785-024	Benedix Friedrich Zinck	3.6.2	2.5.3	1785_VollständigeSammlung/Analysis-MusiCAU	1785_VollständigeSammlung/Analysis-MusiCAU/A-MCAU_ZI1785-024_SID025.mscx	False	38-74 (D2-D5)	Piano	62-74 (D4-D5)	Piano	38-57 (D2-A3)
A-MCAU_ZI1785-025_SID035	1: 4/4	1: -1	10	10	40.0	10	10	40.0	72.0	71	39	0	0	0	Benedix Friedrich Zinck	"Herr Jesu Christ, dich zu uns wend
"								2021-03-10	Microsoft Windows			"Herr Jesu Christ, dich zu uns wend
"	ZI1785-025	Benedix Friedrich Zinck	3.6.2	2.5.3	1785_VollständigeSammlung/Analysis-MusiCAU	1785_VollständigeSammlung/Analysis-MusiCAU/A-MCAU_ZI1785-025_SID035.mscx	False	41-74 (F2-D5)	Piano	65-74 (F4-D5)	Piano	41-55 (F2-G3)
A-MCAU_ZI1785-026_SID065	1: 4/4	1: 2	15	15	60.0	20	20	80.0	120.0	122	63	0	0	0	Benedix Friedrich Zinck	Zeige dich uns ohne Hülle								2021-04-09	Microsoft Windows			Zeige dich uns ohne Hülle	ZI1785-026	Benedix Friedrich Zinck	3.6.2	2.5.3	1785_VollständigeSammlung/Analysis-MusiCAU	1785_VollständigeSammlung/Analysis-MusiCAU/A-MCAU_ZI1785-026_SID065.mscx	False	40-74 (E2-D5)	Piano	62-74 (D4-D5)	Piano	40-59 (E2-B3)
A-MCAU_ZI1785-027a_SID018	1: 4/4	1: 2	15	15	60.0	20	20	80.0	112.0	96	50	0	0	0	Benedix Friedrich Zinck	"Herr, deine Kirche dancket dir [Melodie a]
"								2021-03-10	Microsoft Windows			"Herr, deine Kirche dancket dir [Melodie a]
"	ZI1785-027a	Benedix Friedrich Zinck	3.6.2	2.5.3	1785_VollständigeSammlung/Analysis-MusiCAU	1785_VollständigeSammlung/Analysis-MusiCAU/A-MCAU_ZI1785-027a_SID018.mscx	False	38-74 (D2-D5)	Piano	62-74 (D4-D5)	Piano	38-57 (D2-A3)
A-MCAU_ZI1785-027b	1: 4/4	1: 2	11	11	44.0	16	16	64.0	76.0	72	37	0	0	0	Bendix Friedrich Zinck	Herr, deine Kirche dancket dir								2023-07-24	Microsoft Windows			Herr, deine Kirche dancket dir	ZI1785-027b	Bendix Friedrich Zinck	3.6.2	2.5.3	1785_VollständigeSammlung/Analysis-MusiCAU	1785_VollständigeSammlung/Analysis-MusiCAU/A-MCAU_ZI1785-027b.mscx	False	38-74 (D2-D5)	Piano	62-74 (D4-D5)	Piano	38-57 (D2-A3)
A-MCAU_ZI1785-027c	1: 4/4	1: 2	10	10	40.0	15	15	60.0	70.0	65	33	0	0	0	Bendix Friedrich Zinck	Herr, deine Kirche dancket dir								2023-07-24	Microsoft Windows			Herr, deine Kirche dancket dir	ZI1785-027c	Bendix Friedrich Zinck	3.6.2	2.5.3	1785_VollständigeSammlung/Analysis-MusiCAU	1785_VollständigeSammlung/Analysis-MusiCAU/A-MCAU_ZI1785-027c.mscx	False	38-74 (D2-D5)	Piano	62-74 (D4-D5)	Piano	38-57 (D2-A3)
A-MCAU_ZI1785-028a	1: 4/4	1: -1	10	10	40.0	10	10	40.0	72.0	71	38	0	0	0	Bendix Friedrich Zinck	Das Jahr das nun vergangen ist								2022-06-27	Microsoft Windows			Das Jahr das nun vergangen ist	ZI1785-028a	Bendix Friedrich Zinck	3.6.2	2.5.3	1785_VollständigeSammlung/Analysis-MusiCAU	1785_VollständigeSammlung/Analysis-MusiCAU/A-MCAU_ZI1785-028a.mscx	False	41-74 (F2-D5)	Piano	65-74 (F4-D5)	Piano	41-57 (F2-A3)
A-MCAU_ZI1785-028b_SID071	1: 4/4	1: 2	10	10	40.0	10	10	40.0	72.0	69	37	0	0	0	Bendix Friedrich Zinck	Das Jahr das nun vergangen ist								2021-04-09	Microsoft Windows			Das Jahr das nun vergangen ist [Melodie b]	ZI1785-028b	Bendix Friedrich Zinck	3.6.2	2.5.3	1785_VollständigeSammlung/Analysis-MusiCAU	1785_VollständigeSammlung/Analysis-MusiCAU/A-MCAU_ZI1785-028b_SID071.mscx	False	38-74 (D2-D5)	Piano	62-74 (D4-D5)	Piano	38-57 (D2-A3)
A-MCAU_ZI1785-029_SID072	1: 4/4	1: 0	14	14	56.0	19	19	76.0	100.0	91	52	0	0	0	Bendix Friedrich Zinck	Helft Gottes Güt uns preisen								2021-04-09	Microsoft Windows			Helft Gottes Güt uns preisen	ZI1785-029	Bendix Friedrich Zinck	3.6.2	2.5.3	1785_VollständigeSammlung/Analysis-MusiCAU	1785_VollständigeSammlung/Analysis-MusiCAU/A-MCAU_ZI1785-029_SID072.mscx	False	44-76 (G#2-E5)	Piano	64-76 (E4-E5)	Piano	44-60 (G#2-C4)
A-MCAU_ZI1785-030_SID031	1: 4/4	1: 2	29	29	116.0	34	34	136.0	216.0	193	101	0	0	0	Bendix Friedrich Zinck	Tausend Jahre sind vor dir								2021-10-23	Microsoft Windows			Tausend Jahre sind vor dir	ZI1785-030	Bendix Friedrich Zinck	3.6.2	2.5.3	1785_VollständigeSammlung/Analysis-MusiCAU	1785_VollständigeSammlung/Analysis-MusiCAU/A-MCAU_ZI1785-030_SID031.mscx	False	38-76 (D2-E5)	Piano	62-76 (D4-E5)	Piano	38-57 (D2-A3)
A-MCAU_ZI1785-031_SID088	1: 4/4	1: -2	10	10	40.0	15	15	60.0	76.0	75	39	0	0	0	Bendix Friedrich Zinck	Hilf, Herr Jesu laß gelingen								2022-08-22	Microsoft Windows			Hilf, Herr Jesu laß gelingen	ZI1785-031	Bendix Friedrich Zinck	3.6.2	2.5.3	1785_VollständigeSammlung/Analysis-MusiCAU	1785_VollständigeSammlung/Analysis-MusiCAU/A-MCAU_ZI1785-031_SID088.mscx	False	38-77 (D2-F5)	Piano	66-77 (F#4-F5)	Piano	38-60 (D2-C4)
A-MCAU_ZI1785-032	1: 4/4	1: 2	11	11	44.0	11	11	44.0	80.0	79	41	0	0	0	Bendix Friedrich Zinck	Wie schnell ist doch ein Jahr vergangen								2022-08-02	Microsoft Windows			Wie schnell ist doch ein Jahr vergangen	ZI1785-032	Bendix Friedrich Zinck	3.6.2	2.5.3	1785_VollständigeSammlung/Analysis-MusiCAU	1785_VollständigeSammlung/Analysis-MusiCAU/A-MCAU_ZI1785-032.mscx	False	38-74 (D2-D5)	Piano	61-74 (C#4-D5)	Piano	38-55 (D2-G3)
A-MCAU_ZI1785-033_SID012	1: 4/4	1: -1	18	18	72.0	23	23	92.0	130.0	116	60	0	0	0	Bendix Friedrich Zinck	Wo tönt der Psalm, der dich erreicht								2021-10-23	Microsoft Windows			Wo tönt der Psalm, der dich erreicht	ZI17855-033	Bendix Friedrich Zinck	3.6.2	2.5.3	1785_VollständigeSammlung/Analysis-MusiCAU	1785_VollständigeSammlung/Analysis-MusiCAU/A-MCAU_ZI1785-033_SID012.mscx	False	38-76 (D2-E5)	Piano	62-76 (D4-E5)	Piano	38-57 (D2-A3)
A-MCAU_ZI1785-034_SID055	1: 4/4	1: -2	8	8	32.0	8	8	32.0	64.0	59	31	0	0	0	Bendix Friedrich Zinck	"Unermeßlich, ewig ist
"								2021-03-15	Microsoft Windows			"Unermeßlich, ewig ist
"	ZI1785-034	Bendix Friedrich Zinck	3.6.2	2.5.3	1785_VollständigeSammlung/Analysis-MusiCAU	1785_VollständigeSammlung/Analysis-MusiCAU/A-MCAU_ZI1785-034_SID055.mscx	False	38-74 (D2-D5)	Piano	65-74 (F4-D5)	Piano	38-55 (D2-G3)
A-MCAU_ZI1785-035_SID015	1: 4/4	1: 1	15	15	60.0	20	20	80.0	108.0	107	55	0	0	0	Bendix Friedrich Zinck	"Wo sind die Weisen, die mich lehren
"								2021-03-21	Microsoft Windows			"Wo sind die Weisen, die mich lehren
"	ZI1785-035	Bendix Friedrich Zinck	3.6.2	2.5.3	1785_VollständigeSammlung/Analysis-MusiCAU	1785_VollständigeSammlung/Analysis-MusiCAU/A-MCAU_ZI1785-035_SID015.mscx	False	43-76 (G2-E5)	Piano	62-76 (D4-E5)	Piano	43-57 (G2-A3)
A-MCAU_ZI1785-036_SID026	1: 4/4	1: 1	13	13	52.0	18	18	72.0	94.0	87	47	0	0	0	Bendix Friedrich Zinck	"Umsonst, umsonst verhüllst du dich
"								2021-02-25	Microsoft Windows			"Umsonst, umsonst verhüllst du dich
"	ZI1785-036	Bendix Friedrich Zinck	3.6.2	2.5.3	1785_VollständigeSammlung/Analysis-MusiCAU	1785_VollständigeSammlung/Analysis-MusiCAU/A-MCAU_ZI1785-036_SID026.mscx	False	38-74 (D2-D5)	Piano	62-74 (D4-D5)	Piano	38-55 (D2-G3)
A-MCAU_ZI1785-037_SID083	1: 4/4	1: -2	13	13	52.0	13	13	52.0	92.0	85	43	0	0	0	Bendix Friedrich Zinck	Gott, grenzenlos, undenckbar groß								2021-04-09	Microsoft Windows			Gott, grenzenlos, undenckbar groß	ZI1785-037	Benedix Friedrich Zinck	3.6.2	2.5.3	1785_VollständigeSammlung/Analysis-MusiCAU	1785_VollständigeSammlung/Analysis-MusiCAU/A-MCAU_ZI1785-037_SID083.mscx	False	38-74 (D2-D5)	Piano	67-74 (G4-D5)	Piano	38-55 (D2-G3)
A-MCAU_ZI1785-038_SID057	1: 4/4	1: 1	23	23	92.0	28	28	112.0	164.0	154	82	0	0	0	Bendix Friedrich Zinck	"Kommt, kommt den Herrn zu preisen
"								2021-03-21	Microsoft Windows			"Kommt, kommt den Herrn zu preisen
"	ZI1785-038	Bendix Friedrich Zinck	3.6.2	2.5.3	1785_VollständigeSammlung/Analysis-MusiCAU	1785_VollständigeSammlung/Analysis-MusiCAU/A-MCAU_ZI1785-038_SID057.mscx	False	38-76 (D2-E5)	Piano	62-76 (D4-E5)	Piano	38-55 (D2-G3)
A-MCAU_ZI1785-039_SID054	1: 4/4	1: 1	13	13	52.0	18	18	72.0	94.0	83	43	0	0	0	Bendix Friedrich Zinck	"Wenn ich o Schöpfer, deine Macht
"								2021-03-15	Microsoft Windows			"Wenn ich o Schöpfer, deine Macht
"	ZI1785-039	Bendix Friedrich Zinck	3.6.2	2.5.3	1785_VollständigeSammlung/Analysis-MusiCAU	1785_VollständigeSammlung/Analysis-MusiCAU/A-MCAU_ZI1785-039_SID054.mscx	False	42-76 (F#2-E5)	Piano	62-76 (D4-E5)	Piano	42-57 (F#2-A3)
A-MCAU_ZI1785-040_SID073	1: 4/4	1: 0	19	19	76.0	27	27	108.0	138.0	124	66	0	0	0	Bendix Friedrich Zinck	Gott, wer ist dir zu vergleichen?								2021-04-09	Microsoft Windows			Gott, wer ist dir zu vergleichen?	ZI1785-040	Bendix Friedrich Zinck	3.6.2	2.5.3	1785_VollständigeSammlung/Analysis-MusiCAU	1785_VollständigeSammlung/Analysis-MusiCAU/A-MCAU_ZI1785-040_SID073.mscx	False	36-76 (C2-E5)	Piano	60-76 (C4-E5)	Piano	36-55 (C2-G3)
A-MCAU_ZI1785-041_SID020	1: 4/4	1: -1	20	20	80.0	25	25	100.0	144.0	136	73	0	0	0	Bendix Friedrich Zinck	"Gott, wie viel Langmuth und Geduld
"								2021-02-25	Microsoft Windows			"Gott, wie viel Langmuth und Geduld
"	ZI1785-041	Bendix Friedrich Zinck	3.6.2	2.5.3	1785_VollständigeSammlung/Analysis-MusiCAU	1785_VollständigeSammlung/Analysis-MusiCAU/A-MCAU_ZI1785-041_SID020.mscx	False	36-74 (C2-D5)	Piano	60-74 (C4-D5)	Piano	36-60 (C2-C4)
A-MCAU_ZI1785-042_SID093	1: 4/4	1: 2	10	10	40.0	15	15	60.0	72.0	71	38	0	0	0	Bendix Friedrich Zinck	Es sey mein ernstlicher Entschluß								2022-08-22	Microsoft Windows			Es sey mein ernstlicher Entschluß	ZI1785-042	Bendix Friedrich Zinck	3.6.2	2.5.3	1785_VollständigeSammlung/Analysis-MusiCAU	1785_VollständigeSammlung/Analysis-MusiCAU/A-MCAU_ZI1785-042_SID093.mscx	False	38-74 (D2-D5)	Piano	62-74 (D4-D5)	Piano	38-57 (D2-A3)
A-MCAU_ZI1785-043_SID014	1: 4/4	1: -2	16	16	64.0	16	16	64.0	128.0	114	58	0	0	0	Bendix Friedrich Zinck	"Der du, Gott, die Wahrheit bist
"								2021-02-25	Microsoft Windows			"Der du, Gott, die Wahrheit bist
"	ZI1785-043	Bendix Friedrich Zinck	3.6.2	2.5.3	1785_VollständigeSammlung/Analysis-MusiCAU	1785_VollständigeSammlung/Analysis-MusiCAU/A-MCAU_ZI1785-043_SID014.mscx	False	41-74 (F2-D5)	Piano	62-74 (D4-D5)	Piano	41-58 (F2-Bb3)
A-MCAU_ZI1785-044	1: 4/4	1: 1	14	14	56.0	20	20	80.0	100.0	82	42	0	0	0	Bendix Friedrich Zinck	Gott ist getreu; sein Hertz								2022-08-02	Microsoft Windows			Gott ist getreu; sein Hertz	ZI1785-044	Bendix Friedrich Zinck	3.6.2	2.5.3	1785_VollständigeSammlung/Analysis-MusiCAU	1785_VollständigeSammlung/Analysis-MusiCAU/A-MCAU_ZI1785-044.mscx	False	38-76 (D2-E5)	Piano	66-76 (F#4-E5)	Piano	38-57 (D2-A3)
A-MCAU_ZI1785-045_SID004	1: 4/4	1: 1	13	13	52.0	18	18	72.0	94.0	90	49	0	0	0	Bendix Friedrich Zinck	"Allein Gott in der Höh sey Ehr
"								2021-02-25	Microsoft Windows			"Allein Gott in der Höh sey Ehr
"	ZI1785-045	Bendix Friedrich Zinck	3.6.2	2.5.3	1785_VollständigeSammlung/Analysis-MusiCAU	1785_VollständigeSammlung/Analysis-MusiCAU/A-MCAU_ZI1785-045_SID004.mscx	False	38-74 (D2-D5)	Piano	67-74 (G4-D5)	Piano	38-55 (D2-G3)
A-MCAU_ZI1785-046_SID084	1: 4/4	1: -1	25	25	100.0	25	25	100.0	192.0	178	92	0	0	0	Bendix Friedrich Zinck	Wir gläuben all' an einen Gott								2021-04-09	Microsoft Windows			Wir gläuben all' an einen Gott	ZI1785-046	Bendix Friedrich Zinck	3.6.2	2.5.3	1785_VollständigeSammlung/Analysis-MusiCAU	1785_VollständigeSammlung/Analysis-MusiCAU/A-MCAU_ZI1785-046_SID084.mscx	False	38-77 (D2-F5)	Piano	62-77 (D4-F5)	Piano	38-57 (D2-A3)
A-MCAU_ZI1785-047_SID096	1: 4/4	1: 0	23	23	92.0	33	33	132.0	166.0	158	86	0	0	0	Bendix Friedrich Zinck	Ich gläub an Gott, den Einigen								2022-08-22	Microsoft Windows			Ich gläub an Gott, den Einigen	ZI1785-047	Bendix Friedrich Zinck	3.6.2	2.5.3	1785_VollständigeSammlung/Analysis-MusiCAU	1785_VollständigeSammlung/Analysis-MusiCAU/A-MCAU_ZI1785-047_SID096.mscx	False	36-76 (C2-E5)	Piano	60-76 (C4-E5)	Piano	36-57 (C2-A3)
A-MCAU_ZI1785-048a	1: 4/4	1: -2	19	19	76.0	19	19	76.0	138.0	118	62	0	0	0	Bendix Friedrich Zinck	Preis sey dem Vater								2022-08-02	Microsoft Windows			Preis sey dem Vater	ZI1785-048a	Bendix Friedrich Zinck	3.6.2	2.5.3	1785_VollständigeSammlung/Analysis-MusiCAU	1785_VollständigeSammlung/Analysis-MusiCAU/A-MCAU_ZI1785-048a.mscx	False	38-74 (D2-D5)	Piano	66-74 (F#4-D5)	Piano	38-58 (D2-Bb3)
A-MCAU_ZI1785-048b	1: 4/4	1: 2	19	19	76.0	19	19	76.0	138.0	123	62	0	0	0	Bendix Friedrich Zinck	Preis sey dem Vater								2022-08-02	Microsoft Windows			Preis sey dem Vater	ZI1785-048b	Bendix Friedrich Zinck	3.6.2	2.5.3	1785_VollständigeSammlung/Analysis-MusiCAU	1785_VollständigeSammlung/Analysis-MusiCAU/A-MCAU_ZI1785-048b.mscx	False	38-76 (D2-E5)	Piano	62-76 (D4-E5)	Piano	38-57 (D2-A3)
A-MCAU_ZI1785-049_SID045	1: 4/4	1: 1	25	25	100.0	25	25	100.0	180.0	178	97	0	0	0	Bendix Friedrich Zinck	"Lob, Preis und Ehre bringen wir
"								2021-03-10	Microsoft Windows			"Lob, Preis und Ehre bringen wir
"	ZI1785-049	Bendix Friedrich Zinck	3.6.2	2.5.3	1785_VollständigeSammlung/Analysis-MusiCAU	1785_VollständigeSammlung/Analysis-MusiCAU/A-MCAU_ZI1785-049_SID045.mscx	False	42-76 (F#2-E5)	Piano	62-76 (D4-E5)	Piano	42-57 (F#2-A3)
A-MCAU_ZI1785-050_SID030	1: 4/4	1: 1	11	11	44.0	11	11	44.0	80.0	75	40	0	0	0	Bendix Friedrich Zinck	"Preis ihm, er schuf und er erhält
"								2021-02-25	Microsoft Windows			"Preis ihm, er schuf und er erhält
"	ZI1785-050	Bendix Friedrich Zinck	3.6.2	2.5.3	1785_VollständigeSammlung/Analysis-MusiCAU	1785_VollständigeSammlung/Analysis-MusiCAU/A-MCAU_ZI1785-050_SID030.mscx	False	38-76 (D2-E5)	Piano	62-76 (D4-E5)	Piano	38-55 (D2-G3)
A-MCAU_ZI1785-051	1: 4/4	1: -2	17	17	68.0	20	20	80.0	136.0	123	65	0	0	0	Bendix Friedrich Zinck	Tief anbetend, tief im Staube								2022-08-02	Microsoft Windows			Tief anbetend, tief im Staube	ZI1785-051	Bendix Friedrich Zinck	3.6.2	2.5.3	1785_VollständigeSammlung/Analysis-MusiCAU	1785_VollständigeSammlung/Analysis-MusiCAU/A-MCAU_ZI1785-051.mscx	False	38-75 (D2-Eb5)	Piano	62-75 (D4-Eb5)	Piano	38-58 (D2-Bb3)
A-MCAU_ZI1785-052	1: 4/4	1: -3	20	20	80.0	29	29	116.0	146.0	138	74	0	0	0	Bendix Friedrich Zinck	Erheb, erheb, o meine Seele								2022-08-02	Microsoft Windows			Erheb, erheb, o meine Seele	ZI1785-052	Bendix Friedrich Zinck	3.6.2	2.5.3	1785_VollständigeSammlung/Analysis-MusiCAU	1785_VollständigeSammlung/Analysis-MusiCAU/A-MCAU_ZI1785-052.mscx	False	39-75 (Eb2-Eb5)	Piano	62-75 (D4-Eb5)	Piano	39-58 (Eb2-Bb3)
A-MCAU_ZI1785-053_SID034	1: 4/4	1: 0	104	104	416.0	104	104	416.0	828.0	896	490	0	0	0	Bendix Friedrich Zinck	Es war noch keine Zeit								2021-10-23	Microsoft Windows			Es war noch keine Zeit	ZI1785-053	Bendix Friedrich Zinck	3.6.2	2.5.3	1785_VollständigeSammlung/Analysis-MusiCAU	1785_VollständigeSammlung/Analysis-MusiCAU/A-MCAU_ZI1785-053_SID034.mscx	False	38-74 (D2-D5)	Piano	60-74 (C4-D5)	Piano	38-57 (D2-A3)
A-MCAU_ZI1785-054	1: 3/4, 5: 4/4, 8: 3/4, 12: 4/4	1: 2	14	14	48.0	14	14	48.0	92.0	80	42	0	0	0	Bendix Friedrich Zinck	Die Himmel rühmen des Ewigen Ehre								2022-06-24	Microsoft Windows			Die Himmel rühmen des Ewigen Ehre	ZI1785-054	Bendix Friedrich Zinck	3.6.2	2.5.3	1785_VollständigeSammlung/Analysis-MusiCAU	1785_VollständigeSammlung/Analysis-MusiCAU/A-MCAU_ZI1785-054.mscx	False	38-78 (D2-F#5)	Piano	62-78 (D4-F#5)	Piano	38-57 (D2-A3)
A-MCAU_ZI1785-055a_SID095	1: 4/4	1: 2	15	15	60.0	20	20	80.0	120.0	106	56	0	0	0	Bendix Friedrich Zinck	Wenn wir unsern Lauf vollenden								2022-08-24	Microsoft Windows			Wenn wir unsern Lauf vollenden [Melodie a]	ZI1785-055a	Bendix Friedrich Zinck	3.6.2	2.5.3	1785_VollständigeSammlung/Analysis-MusiCAU	1785_VollständigeSammlung/Analysis-MusiCAU/A-MCAU_ZI1785-055a_SID095.mscx	False	38-76 (D2-E5)	Piano	62-76 (D4-E5)	Piano	38-57 (D2-A3)
A-MCAU_ZI1785-055b	1: 4/4	1: 3	12	12	48.0	16	16	64.0	96.0	93	48	0	0	0	Bendix Friedrich Zinck	Wenn wir unsern Lauf vollenden								2022-06-27	Microsoft Windows			Wenn wir unsern Lauf vollenden	ZI1785-055b	Bendix Friedrich Zinck	3.6.2	2.5.3	1785_VollständigeSammlung/Analysis-MusiCAU	1785_VollständigeSammlung/Analysis-MusiCAU/A-MCAU_ZI1785-055b.mscx	False	40-76 (E2-E5)	Piano	64-76 (E4-E5)	Piano	40-57 (E2-A3)
A-MCAU_ZI1785-055c_SID097	1: 4/4	1: -2	15	15	60.0	20	20	80.0	120.0	103	53	0	0	0	Bendix Friedrich Zinck	Wenn wir unsern Lauf vollenden [Melodie c]								2022-08-24	Microsoft Windows			Wenn wir unsern Lauf vollenden [Melodie c]	ZI1785-055c	Bendix Friedrich Zinck	3.6.2	2.5.3	1785_VollständigeSammlung/Analysis-MusiCAU	1785_VollständigeSammlung/Analysis-MusiCAU/A-MCAU_ZI1785-055c_SID097.mscx	False	36-75 (C2-Eb5)	Piano	65-75 (F4-Eb5)	Piano	36-58 (C2-Bb3)
A-MCAU_ZI1785-056_SID041	1: 4/4	1: 1	16	16	64.0	21	21	84.0	116.0	114	60	0	0	0	Bendix Friedrich Zinck	"Aus Erde ward mein Leib erbaut
"								2021-03-10	Microsoft Windows			"Aus Erde ward mein Leib erbaut
"	ZI1785-056	Bendix Friedrich Zinck	3.6.2	2.5.3	1785_VollständigeSammlung/Analysis-MusiCAU	1785_VollständigeSammlung/Analysis-MusiCAU/A-MCAU_ZI1785-056_SID041.mscx	False	38-76 (D2-E5)	Piano	62-76 (D4-E5)	Piano	38-55 (D2-G3)
A-MCAU_ZI1785-057_SID081	1: 4/4	1: 2	16	16	64.0	24	24	96.0	122.0	114	61	0	0	0	Bendix Friedrich Zinck	Fleuch auf mein Psalm, mein								2021-04-09	Microsoft Windows			Fleuch auf mein Psalm, mein	ZI1785-057	Bendix Friedrich Zinck	3.6.2	2.5.3	1785_VollständigeSammlung/Analysis-MusiCAU	1785_VollständigeSammlung/Analysis-MusiCAU/A-MCAU_ZI1785-057_SID081.mscx	False	38-74 (D2-D5)	Piano	62-74 (D4-D5)	Piano	38-57 (D2-A3)
A-MCAU_ZI1785-058	1: 4/4	1: -2	16	16	64.0	16	16	64.0	116.0	105	54	0	0	0	Bendix Friedrich Zinck	Anbetung, Jubel und Gesang								2022-08-02	Microsoft Windows			Anbetung, Jubel und Gesang	ZI1785-058	Bendix Friedrich Zinck	3.6.2	2.5.3	1785_VollständigeSammlung/Analysis-MusiCAU	1785_VollständigeSammlung/Analysis-MusiCAU/A-MCAU_ZI1785-058.mscx	False	36-77 (C2-F5)	Piano	63-77 (Eb4-F5)	Piano	36-58 (C2-Bb3)
A-MCAU_ZI1785-059a_SID076	1: 4/4	1: -2	7	7	28.0	7	7	28.0	52.0	48	24	0	0	0	Bendix Friedrich Zinck	Lobt unsern Gott mit frölichem Gemüthe								2021-04-12	Microsoft Windows			Lobt unsern Gott mit frölichem Gemüthe	ZI1785-059a	Bendix Friedrich Zinck	3.6.2	2.5.3	1785_VollständigeSammlung/Analysis-MusiCAU	1785_VollständigeSammlung/Analysis-MusiCAU/A-MCAU_ZI1785-059a_SID076.mscx	False	38-74 (D2-D5)	Piano	67-74 (G4-D5)	Piano	38-55 (D2-G3)
A-MCAU_ZI1785-059b	1: 4/4	1: 2	7	7	28.0	7	7	28.0	52.0	51	27	0	0	0	Bendix Friedrich Zinck	Was Lobes solln wir dir, o Vater singen								2023-07-24	Microsoft Windows			Was Lobes solln wir dir, o Vater singen	ZI1785-059b	Bendix Friedrich Zinck	3.6.2	2.5.3	1785_VollständigeSammlung/Analysis-MusiCAU	1785_VollständigeSammlung/Analysis-MusiCAU/A-MCAU_ZI1785-059b.mscx	False	38-76 (D2-E5)	Piano	62-76 (D4-E5)	Piano	38-57 (D2-A3)
A-MCAU_ZI1785-060_SID069	1: 4/4	1: -1	15	15	60.0	15	15	60.0	108.0	110	59	0	0	0	Bendix Friedrich Zinck	Gott, deine weise Macht erhält								2021-04-12	Microsoft Windows			Gott, deine weise Macht erhält	ZI1785-060	Bendix Friedrich Zinck	3.6.2	2.5.3	1785_VollständigeSammlung/Analysis-MusiCAU	1785_VollständigeSammlung/Analysis-MusiCAU/A-MCAU_ZI1785-060_SID069.mscx	False	36-77 (C2-F5)	Piano	62-77 (D4-F5)	Piano	36-57 (C2-A3)
A-MCAU_ZI1785-061	1: 4/4	1: 1	9	9	36.0	9	9	36.0	72.0	72	37	0	0	0	Bendix Friedrich Zinck	Gott, ihr Menschen! gab das Leben								2022-06-24	Microsoft Windows			Gott, ihr Menschen! gab das Leben	ZI1785-061	Bendix Friedrich Zinck	3.6.2	2.5.3	1785_VollständigeSammlung/Analysis-MusiCAU	1785_VollständigeSammlung/Analysis-MusiCAU/A-MCAU_ZI1785-061.mscx	False	38-74 (D2-D5)	Piano	64-74 (E4-D5)	Piano	38-55 (D2-G3)
A-MCAU_ZI1785-062	1: 4/4	1: -2	12	12	48.0	12	12	48.0	88.0	87	45	0	0	0	Bendix Friedrich Zinck	O Herr mein Gott durch den ich bin und lebe								2022-06-27	Microsoft Windows			O Herr mein Gott durch den ich bin und lebe	ZI1785-062	Bendix Friedrich Zinck	3.6.2	2.5.3	1785_VollständigeSammlung/Analysis-MusiCAU	1785_VollständigeSammlung/Analysis-MusiCAU/A-MCAU_ZI1785-062.mscx	False	38-75 (D2-Eb5)	Piano	67-75 (G4-Eb5)	Piano	38-58 (D2-Bb3)
A-MCAU_ZI1785-063	1: 4/4	1: -2	17	17	68.0	23	23	92.0	124.0	122	65	0	0	0	Bendix Friedrich Zinck	Preißt, Menschen, Gott, durch eure								2022-08-02	Microsoft Windows			Preißt, Menschen, Gott, durch eure	ZI1785-063	Bendix Friedrich Zinck	3.6.2	2.5.3	1785_VollständigeSammlung/Analysis-MusiCAU	1785_VollständigeSammlung/Analysis-MusiCAU/A-MCAU_ZI1785-063.mscx	False	38-75 (D2-Eb5)	Piano	62-75 (D4-Eb5)	Piano	38-55 (D2-G3)
A-MCAU_ZI1785-064	1: 4/4	1: 3	12	12	48.0	12	12	48.0	86.0	80	43	0	0	0	Bendix Friedrich Zinck	Es jauchze Gott und preise								2022-08-02	Microsoft Windows			Es jauchze Gott und preise	ZI1785-064	Bendix Friedrich Zinck	3.6.2	2.5.3	1785_VollständigeSammlung/Analysis-MusiCAU	1785_VollständigeSammlung/Analysis-MusiCAU/A-MCAU_ZI1785-064.mscx	False	40-78 (E2-F#5)	Piano	64-78 (E4-F#5)	Piano	40-57 (E2-A3)
A-MCAU_ZI1785-065a_SID077	1: 4/4	1: 0	15	15	60.0	20	20	80.0	108.0	103	55	0	0	0	Bendix Friedrich Zinck	Ich hab in Gottes Herz und Sinn								2021-10-23	Microsoft Windows			Ich hab in Gottes Herz und Sinn [Melodie a]	ZI1785-065a	Bendix Friedrich Zinck	3.6.2	2.5.3	1785_VollständigeSammlung/Analysis-MusiCAU	1785_VollständigeSammlung/Analysis-MusiCAU/A-MCAU_ZI1785-065a_SID077.mscx	False	38-74 (D2-D5)	Piano	64-74 (E4-D5)	Piano	38-57 (D2-A3)
A-MCAU_ZI1785-065b_SID017	1: 4/4	1: 0	15	15	60.0	20	20	80.0	108.0	102	54	0	0	0	Bendix Friedrich Zinck	"Ich hab in Gottes Hertz und Sinn [Melodie b]
"								2021-02-25	Microsoft Windows			"Ich hab in Gottes Hertz und Sinn [Melodie b]
"	ZI1785-065b	Bendix Friedrich Zinck	3.6.2	2.5.3	1785_VollständigeSammlung/Analysis-MusiCAU	1785_VollständigeSammlung/Analysis-MusiCAU/A-MCAU_ZI1785-065b_SID017.mscx	False	40-76 (E2-E5)	Piano	62-76 (D4-E5)	Piano	40-55 (E2-G3)
A-MCAU_ZI1785-066_SID023	1: 4/4	1: 2	15	15	60.0	20	20	80.0	108.0	103	53	0	0	0	Bendix Friedrich Zinck	"Du bist ein Mensch, und Gott hat dir
"								2021-02-25	Microsoft Windows			"Du bist ein Mensch, und Gott hat dir
"	ZI1785-066	Bendix Friedrich Zinck	3.6.2	2.5.3	1785_VollständigeSammlung/Analysis-MusiCAU	1785_VollständigeSammlung/Analysis-MusiCAU/A-MCAU_ZI1785-066_SID023.mscx	False	38-74 (D2-D5)	Piano	62-74 (D4-D5)	Piano	38-57 (D2-A3)
A-MCAU_ZI1785-067a	1: 4/4	1: 3	10	10	40.0	10	10	40.0	72.0	70	38	0	0	0	Bendix Friedrich Zinck	Gott lebet noch, ich sorge nicht								2022-08-02	Microsoft Windows			Gott lebet noch, ich sorge nicht	ZI1785-067a	Bendix Friedrich Zinck	3.6.2	2.5.3	1785_VollständigeSammlung/Analysis-MusiCAU	1785_VollständigeSammlung/Analysis-MusiCAU/A-MCAU_ZI1785-067a.mscx	False	40-74 (E2-D5)	Piano	64-74 (E4-D5)	Piano	40-52 (E2-E3)
A-MCAU_ZI1785-067b_SID024	1: 4/4	1: -1	10	10	40.0	10	10	40.0	72.0	70	38	0	0	0	Bendix Friedrich Zinck	"Gott lebet noch, ich sorge nicht  [Melodie b]
"								2021-02-25	Microsoft Windows			"Gott lebet noch, ich sorge nicht  [Melodie b]
"	ZI1785-067b	Bendix Friedrich Zinck	3.6.2	2.5.3	1785_VollständigeSammlung/Analysis-MusiCAU	1785_VollständigeSammlung/Analysis-MusiCAU/A-MCAU_ZI1785-067b_SID024.mscx	False	41-74 (F2-D5)	Piano	60-74 (C4-D5)	Piano	41-55 (F2-G3)
A-MCAU_ZI1785-068_SID059	1: 4/4	1: -3	13	13	52.0	21	21	84.0	94.0	82	42	0	0	0	Benedix Friedrich Zinck	Selbst Engel sind gefallen Herr								2021-04-12	Microsoft Windows			Selbst Engel sind gefallen Herr	ZI1785-068	Benedix Friedrich Zinck	3.6.2	2.5.3	1785_VollständigeSammlung/Analysis-MusiCAU	1785_VollständigeSammlung/Analysis-MusiCAU/A-MCAU_ZI1785-068_SID059.mscx	False	39-75 (Eb2-Eb5)	Piano	63-75 (Eb4-Eb5)	Piano	39-58 (Eb2-Bb3)
A-MCAU_ZI1785-069_SID007	1: 4/4	1: 1	13	13	52.0	18	18	72.0	94.0	91	49	0	0	0	Bendix Friedrich Zinck	"Ich Gott, dein tief gefallnes Kind
"								2021-02-25	Microsoft Windows			"Ich Gott, dein tief gefallnes Kind
"	ZI1785-069	Bendix Friedrich Zinck	3.6.2	2.5.3	1785_VollständigeSammlung/Analysis-MusiCAU	1785_VollständigeSammlung/Analysis-MusiCAU/A-MCAU_ZI1785-069_SID007.mscx	False	40-74 (E2-D5)	Piano	62-74 (D4-D5)	Piano	40-55 (E2-G3)
A-MCAU_ZI1785-070_SID002	1: 4/4	1: 0	13	13	52.0	18	18	72.0	94.0	89	47	0	0	0	Bendix Friedrich Zinck	"Gott, wie verderbt ist von Natur
"								2021-02-25	Microsoft Windows			"Gott, wie verderbt ist von Natur
"	ZI1785-070	Bendix Friedrich Zinck	3.6.2	2.5.3	1785_VollständigeSammlung/Analysis-MusiCAU	1785_VollständigeSammlung/Analysis-MusiCAU/A-MCAU_ZI1785-070_SID002.mscx	False	40-76 (E2-E5)	Piano	64-76 (E4-E5)	Piano	40-57 (E2-A3)
A-MCAU_ZI1785-071a_SID050	1: 4/4	1: 1	13	13	52.0	13	13	52.0	96.0	95	51	0	0	0	Bendix Friedrich Zinck	"Jauchzt Himmel! Erde freue dich [Melodie a]
"								2021-03-11	Microsoft Windows			"Jauchzt Himmel! Erde freue dich [Melodie a]
"	ZI1785-071a	Bendix Friedrich Zinck	3.6.2	2.5.3	1785_VollständigeSammlung/Analysis-MusiCAU	1785_VollständigeSammlung/Analysis-MusiCAU/A-MCAU_ZI1785-071a_SID050.mscx	False	40-76 (E2-E5)	Piano	62-76 (D4-E5)	Piano	40-59 (E2-B3)
A-MCAU_ZI1785-071b	1: 4/4	1: 2	13	13	52.0	13	13	52.0	96.0	84	42	0	0	0	Bendix Friedrich Zinck	Jauchzt, Himmel! Erde freue dich								2022-08-02	Microsoft Windows			Jauchzt, Himmel! Erde freue dich	ZI1785-071b	Bendix Friedrich Zinck	3.6.2	2.5.3	1785_VollständigeSammlung/Analysis-MusiCAU	1785_VollständigeSammlung/Analysis-MusiCAU/A-MCAU_ZI1785-071b.mscx	False	40-74 (E2-D5)	Piano	62-74 (D4-D5)	Piano	40-59 (E2-B3)
A-MCAU_ZI1785-072	1: 4/4	1: 0	11	11	44.0	11	11	44.0	80.0	74	41	0	0	0	Bendix Friedrich Zinck	Gedancke, der uns Leben giebt								2022-08-02	Microsoft Windows			Gedancke, der uns Leben giebt	ZI1785-072	Bendix Friedrich Zinck	3.6.2	2.5.3	1785_VollständigeSammlung/Analysis-MusiCAU	1785_VollständigeSammlung/Analysis-MusiCAU/A-MCAU_ZI1785-072.mscx	False	38-77 (D2-F5)	Piano	62-77 (D4-F5)	Piano	38-57 (D2-A3)
A-MCAU_ZI1785-073_SID037	1: 4/4	1: -2	13	13	52.0	18	18	72.0	94.0	83	44	0	0	0	Bendix Friedrich Zinck	"Durch Adams Sünde kam der Tod
"								2021-03-11	Microsoft Windows			"Durch Adams Sünde kam der Tod
"	ZI1785-073	Bendix Friedrich Zinck	3.6.2	2.5.3	1785_VollständigeSammlung/Analysis-MusiCAU	1785_VollständigeSammlung/Analysis-MusiCAU/A-MCAU_ZI1785-073_SID037.mscx	False	38-74 (D2-D5)	Piano	62-74 (D4-D5)	Piano	38-55 (D2-G3)
A-MCAU_ZI1785-074	1: 4/4	1: -1	14	14	56.0	14	14	56.0	104.0	98	50	0	0	0	Bendix Friedrich Zinck	Rühmt, Christen, euren Gott								2022-08-02	Microsoft Windows			Rühmt, Christen, euren Gott	ZI1785-074	Bendix Friedrich Zinck	3.6.2	2.5.3	1785_VollständigeSammlung/Analysis-MusiCAU	1785_VollständigeSammlung/Analysis-MusiCAU/A-MCAU_ZI1785-074.mscx	False	36-77 (C2-F5)	Piano	60-77 (C4-F5)	Piano	36-58 (C2-Bb3)
A-MCAU_ZI1785-075_SID043	1: 4/4	1: -1	13	13	52.0	19	19	76.0	104.0	94	48	0	0	0	Bendix Friedrich Zinck	"Jesus ist gekommen
"								2021-03-11	Microsoft Windows			"Jesus ist gekommen
"	ZI1785-075	Bendix Friedrich Zinck	3.6.2	2.5.3	1785_VollständigeSammlung/Analysis-MusiCAU	1785_VollständigeSammlung/Analysis-MusiCAU/A-MCAU_ZI1785-075_SID043.mscx	False	36-77 (C2-F5)	Piano	62-77 (D4-F5)	Piano	36-57 (C2-A3)
A-MCAU_ZI1785-076a	1: 4/4	1: 3	8	8	32.0	8	8	32.0	58.0	54	30	0	0	0	Bendix Friedrich Zinck	Des Ewigen und der Sterblichen Sohn								2022-08-02	Microsoft Windows			Des Ewigen und der Sterblichen Sohn	ZI1785-076a	Bendix Friedrich Zinck	3.6.2	2.5.3	1785_VollständigeSammlung/Analysis-MusiCAU	1785_VollständigeSammlung/Analysis-MusiCAU/A-MCAU_ZI1785-076a.mscx	False	44-76 (G#2-E5)	Piano	66-76 (F#4-E5)	Piano	44-61 (G#2-C#4)
A-MCAU_ZI1785-076b	1: 3/4, 4: 4/4	1: 3	9	9	33.0	9	9	33.0	62.0	53	27	0	0	0	Bendix Friedrich Zinck	Des Ewigen und Sterblichen Sohn								2023-07-25	Microsoft Windows			Des Ewigen und Sterblichen Sohn	ZI1785-076b	Bendix Friedrich Zinck	3.6.2	2.5.3	1785_VollständigeSammlung/Analysis-MusiCAU	1785_VollständigeSammlung/Analysis-MusiCAU/A-MCAU_ZI1785-076b.mscx	False	40-76 (E2-E5)	Piano	66-76 (F#4-E5)	Piano	40-57 (E2-A3)
A-MCAU_ZI1785-077_SID019	1: 4/4	1: 1	19	19	76.0	24	24	96.0	140.0	134	72	0	0	0	Bendix Friedrich Zinck	"Wie liebt uns Gott so väterlich
"								2021-02-25	Microsoft Windows			"Wie liebt uns Gott so väterlich
"	ZI1785-077	Bendix Friedrich Zinck	3.6.2	2.5.3	1785_VollständigeSammlung/Analysis-MusiCAU	1785_VollständigeSammlung/Analysis-MusiCAU/A-MCAU_ZI1785-077_SID019.mscx	False	38-76 (D2-E5)	Piano	62-76 (D4-E5)	Piano	38-57 (D2-A3)
A-MCAU_ZI1785-078a	1: 4/4	1: 0	13	13	52.0	13	13	52.0	104.0	95	48	0	0	0	Bendix Friedrich Zinck	Frölich laßt uns Gott lobsingen								2022-08-02	Microsoft Windows			Frölich laßt uns Gott lobsingen	ZI1785-078a	Bendix Friedrich Zinck	3.6.2	2.5.3	1785_VollständigeSammlung/Analysis-MusiCAU	1785_VollständigeSammlung/Analysis-MusiCAU/A-MCAU_ZI1785-078a.mscx	False	38-74 (D2-D5)	Piano	60-74 (C4-D5)	Piano	38-55 (D2-G3)
A-MCAU_ZI1785-078b	1: 4/4	1: -1	13	13	52.0	13	13	52.0	104.0	98	52	0	0	0	Bendix Friedrich Zinck	Frölich laßt uns Gott lobsingen								2022-08-02	Microsoft Windows			Frölich laßt uns Gott lobsingen	ZI1785-078b	Bendix Friedrich Zinck	3.6.2	2.5.3	1785_VollständigeSammlung/Analysis-MusiCAU	1785_VollständigeSammlung/Analysis-MusiCAU/A-MCAU_ZI1785-078b.mscx	False	36-77 (C2-F5)	Piano	65-77 (F4-F5)	Piano	36-57 (C2-A3)
A-MCAU_ZI1785-078c	1: 4/4	1: -2	13	13	52.0	13	13	52.0	102.0	87	44	0	0	0	Bendix Friedrich Zinck	Frölich laßt uns Gott lobsingen								2022-08-02	Microsoft Windows			Frölich laßt uns Gott lobsingen	ZI1785-078c	Bendix Friedrich Zinck	3.6.2	2.5.3	1785_VollständigeSammlung/Analysis-MusiCAU	1785_VollständigeSammlung/Analysis-MusiCAU/A-MCAU_ZI1785-078c.mscx	False	36-75 (C2-Eb5)	Piano	62-75 (D4-Eb5)	Piano	36-55 (C2-G3)
A-MCAU_ZI1785-079a	1: 4/4	1: 1	12	12	48.0	17	17	68.0	86.0	77	41	0	0	0	Bendix Friedrich Zinck	Von Furcht dahin gerissen								2022-07-27	Microsoft Windows			Von Furcht dahin gerissen	ZI1785-079a	Bendix Friedrich Zinck	3.6.2	2.5.3	1785_VollständigeSammlung/Analysis-MusiCAU	1785_VollständigeSammlung/Analysis-MusiCAU/A-MCAU_ZI1785-079a.mscx	False	43-76 (G2-E5)	Piano	67-76 (G4-E5)	Piano	43-59 (G2-B3)
A-MCAU_ZI1785-079b	1: 4/4	1: 0	13	13	52.0	18	18	72.0	94.0	86	45	0	0	0	Bendix Friedrich Zinck	Von Furcht dahin gerissen								2023-07-25	Microsoft Windows			Von Furcht dahin gerissen	ZI1785-079b	Bendix Friedrich Zinck	3.6.2	2.5.3	1785_VollständigeSammlung/Analysis-MusiCAU	1785_VollständigeSammlung/Analysis-MusiCAU/A-MCAU_ZI1785-079b.mscx	False	43-76 (G2-E5)	Piano	64-76 (E4-E5)	Piano	43-57 (G2-A3)
A-MCAU_ZI1785-080_SID062	1: 4/4	1: 1	10	10	40.0	10	10	40.0	74.0	64	33	0	0	0	Bendix Friedrich Zinck	Das Heil ist da! auf								2021-04-12	Microsoft Windows			Das Heil ist da! auf	ZI1785-080	Bendix Friedrich Zinck	3.6.2	2.5.3	1785_VollständigeSammlung/Analysis-MusiCAU	1785_VollständigeSammlung/Analysis-MusiCAU/A-MCAU_ZI1785-080_SID062.mscx	False	38-72 (D2-C5)	Piano	63-72 (D#4-C5)	Piano	38-52 (D2-E3)
A-MCAU_ZI1785-081_SID078	1: 4/4	1: 1	13	13	52.0	18	18	72.0	94.0	87	48	0	0	0	Bendix Friedrich Zinck	Seht, welch ein Mensch! wie lag so schwer								2021-04-12	Microsoft Windows			Seht, welch ein Mensch! wie lag so schwer	ZI1785-081	Bendix Friedrich Zinck	3.6.2	2.5.3	1785_VollständigeSammlung/Analysis-MusiCAU	1785_VollständigeSammlung/Analysis-MusiCAU/A-MCAU_ZI1785-081_SID078.mscx	False	38-74 (D2-D5)	Piano	62-74 (D4-D5)	Piano	38-55 (D2-G3)
A-MCAU_ZI1785-082a	1: 4/4	1: 0	9	9	36.0	14	14	56.0	72.0	70	38	0	0	0	Bendix Friedrich Zinck	Seele, komm zum Golgatha								2022-07-27	Microsoft Windows			Seele, komm zum Golgatha	ZI1785-082a	Bendix Friedrich Zinck	3.6.2	2.5.3	1785_VollständigeSammlung/Analysis-MusiCAU	1785_VollständigeSammlung/Analysis-MusiCAU/A-MCAU_ZI1785-082a.mscx	False	41-76 (F2-E5)	Piano	60-76 (C4-E5)	Piano	41-57 (F2-A3)
A-MCAU_ZI1785-082b_SID089	1: 4/4	1: 1	9	9	36.0	14	14	56.0	72.0	69	38	0	0	0	Bendix Friedrich Zinck	Seele, komm zum Golgatha [Melodie b]								2022-08-24	Microsoft Windows			Seele, komm zum Golgatha [Melodie b]	ZI1785-082b	Bendix Friedrich Zinck	3.6.2	2.5.3	1785_VollständigeSammlung/Analysis-MusiCAU	1785_VollständigeSammlung/Analysis-MusiCAU/A-MCAU_ZI1785-082b_SID089.mscx	False	38-76 (D2-E5)	Piano	67-76 (G4-E5)	Piano	38-57 (D2-A3)
A-MCAU_ZI1785-083_SID038	1: 4/4	1: 0	25	25	100.0	33	33	132.0	180.0	163	86	0	0	0	Bendix Friedrich Zinck	"Um Gnade für die Sünder fleht
"								2021-03-11	Microsoft Windows			"Um Gnade für die Sünder fleht
"	ZI1785-083	Bendix Friedrich Zinck	3.6.2	2.5.3	1785_VollständigeSammlung/Analysis-MusiCAU	1785_VollständigeSammlung/Analysis-MusiCAU/A-MCAU_ZI1785-083_SID038.mscx	False	41-77 (F2-F5)	Piano	64-77 (E4-F5)	Piano	41-60 (F2-C4)
A-MCAU_ZI1785-084_SID082	1: 4/4	1: 1	23	23	92.0	29	29	116.0	168.0	158	83	0	0	0	Bendix Friedrich Zinck	Bereite dich, o Christ, wir gehen								2021-04-12	Microsoft Windows			Bereite dich, o Christ, wir gehen	ZI1785-084	Bendix Friedrich Zinck	3.6.2	2.5.3	1785_VollständigeSammlung/Analysis-MusiCAU	1785_VollständigeSammlung/Analysis-MusiCAU/A-MCAU_ZI1785-084_SID082.mscx	False	38-76 (D2-E5)	Piano	59-76 (B3-E5)	Piano	38-59 (D2-B3)
A-MCAU_ZI1785-085_SID013	1: 4/4	1: -3	9	9	36.0	9	9	36.0	64.0	63	33	0	0	0	Bendix Friedrich Zinck	"Die Sonne stand verfinstert
"								2021-02-25	Microsoft Windows			"Die Sonne stand verfinstert
"	ZI1785-085	Bendix Friedrich Zinck	3.6.2	2.5.3	1785_VollständigeSammlung/Analysis-MusiCAU	1785_VollständigeSammlung/Analysis-MusiCAU/A-MCAU_ZI1785-085_SID013.mscx	False	41-75 (F2-Eb5)	Piano	63-75 (Eb4-Eb5)	Piano	41-55 (F2-G3)
A-MCAU_ZI1785-086_SID061	1: 4/4	1: 1	13	13	52.0	18	18	72.0	94.0	89	47	0	0	0	Bendix Friedrich Zinck	O Lamm Gottes unschuldig								2021-04-12	Microsoft Windows			O Lamm Gottes unschuldig	ZI1785-086	Bendix Friedrich Zinck	3.6.2	2.5.3	1785_VollständigeSammlung/Analysis-MusiCAU	1785_VollständigeSammlung/Analysis-MusiCAU/A-MCAU_ZI1785-086_SID061.mscx	False	38-76 (D2-E5)	Piano	62-76 (D4-E5)	Piano	38-57 (D2-A3)
A-MCAU_ZI1785-087	1: 4/4	1: 1	7	7	28.0	7	7	28.0	54.0	48	27	0	0	0	Bendix Friedrich Zinck	Christe, du Lamm Gottes								2022-07-27	Microsoft Windows			Christe, du Lamm Gottes	ZI1785-087	Bendix Friedrich Zinck	3.6.2	2.5.3	1785_VollständigeSammlung/Analysis-MusiCAU	1785_VollständigeSammlung/Analysis-MusiCAU/A-MCAU_ZI1785-087.mscx	False	40-74 (E2-D5)	Piano	67-74 (G4-D5)	Piano	40-55 (E2-G3)
A-MCAU_ZI1785-088_SID051	1: 4/4	1: 2	25	25	100.0	29	29	116.0	190.0	172	90	0	0	0	Bendix Friedrich Zinck	"Deine heilige Geburt
"								2021-03-11	Microsoft Windows			"Deine heilige Geburt
"	ZI1785-088	Bendix Friedrich Zinck	3.6.2	2.5.3	1785_VollständigeSammlung/Analysis-MusiCAU	1785_VollständigeSammlung/Analysis-MusiCAU/A-MCAU_ZI1785-088_SID051.mscx	False	40-76 (E2-E5)	Piano	62-76 (D4-E5)	Piano	40-57 (E2-A3)
A-MCAU_ZI1785-089_SID067	1: 4/4	1: -1	17	17	68.0	22	22	88.0	136.0	134	72	0	0	0	Bendix Friedrich Zinck	Preis dem Todesüberwinder								2021-04-12	Microsoft Windows			Preis dem Todesüberwinder	ZI1785-089	Bendix Friedrich Zinck	3.6.2	2.5.3	1785_VollständigeSammlung/Analysis-MusiCAU	1785_VollständigeSammlung/Analysis-MusiCAU/A-MCAU_ZI1785-089_SID067.mscx	False	36-77 (C2-F5)	Piano	62-77 (D4-F5)	Piano	36-57 (C2-A3)
A-MCAU_ZI1785-090_SID010	1: 4/4	1: -1	11	11	44.0	11	11	44.0	82.0	74	38	0	0	0	Bendix Friedrich Zinck	"Christ ist erstanden
"								2021-02-25	Microsoft Windows			"Christ ist erstanden
"	ZI1785-090	Bendix Friedrich Zinck	3.6.2	2.5.3	1785_VollständigeSammlung/Analysis-MusiCAU	1785_VollständigeSammlung/Analysis-MusiCAU/A-MCAU_ZI1785-090_SID010.mscx	False	38-72 (D2-C5)	Piano	62-72 (D4-C5)	Piano	38-53 (D2-F3)
A-MCAU_ZI1785-091a_SID044	1: 4/4	1: 0	12	12	48.0	12	12	48.0	90.0	70	35	0	0	0	Bendix Friedrich Zinck	"Jesus Christus, unser Heiland, der den Tod [Melodie a]
"								2021-03-11	Microsoft Windows			"Jesus Christus, unser Heiland, der den Tod [Melodie a]
"	ZI1785-091a	Bendix Friedrich Zinck	3.6.2	2.5.3	1785_VollständigeSammlung/Analysis-MusiCAU	1785_VollständigeSammlung/Analysis-MusiCAU/A-MCAU_ZI1785-091a_SID044.mscx	False	40-72 (E2-C5)	Piano	64-72 (E4-C5)	Piano	40-57 (E2-A3)
A-MCAU_ZI1785-091b	1: 4/4	1: -1	11	11	44.0	11	11	44.0	80.0	70	37	0	0	0	Bendix Friedrich Zinck	Jesus Christus, unser Heiland, der den Tod								2022-06-24	Microsoft Windows			Jesus Christus, unser Heiland, der den Tod	ZI1785-091b	Bendix Friedrich Zinck	3.6.2	2.5.3	1785_VollständigeSammlung/Analysis-MusiCAU	1785_VollständigeSammlung/Analysis-MusiCAU/A-MCAU_ZI1785-091b.mscx	False	36-75 (C2-Eb5)	Piano	64-75 (E4-Eb5)	Piano	36-53 (C2-F3)
A-MCAU_ZI1785-092_SID011	1: 4/4	1: -1	14	14	56.0	19	19	76.0	102.0	98	52	0	0	0	Bendix Friedrich Zinck	"Sey mir o Tag des Herrn gegrüßt
"								2021-02-25	Microsoft Windows			"Sey mir o Tag des Herrn gegrüßt
"	ZI1785-092	Bendix Friedrich Zinck	3.6.2	2.5.3	1785_VollständigeSammlung/Analysis-MusiCAU	1785_VollständigeSammlung/Analysis-MusiCAU/A-MCAU_ZI1785-092_SID011.mscx	False	38-76 (D2-E5)	Piano	62-76 (D4-E5)	Piano	38-53 (D2-F3)
A-MCAU_ZI1785-093	1: 4/4	1: 2	13	13	52.0	26	26	104.0	92.0	87	48	0	0	0	Bendix Friedrich Zinck	Auf, auf, mein Herz! mit Freuden								2022-06-27	Microsoft Windows			Auf, auf, mein Herz! mit Freuden	ZI1785-093	Bendix Friedrich Zinck	3.6.2	2.5.3	1785_VollständigeSammlung/Analysis-MusiCAU	1785_VollständigeSammlung/Analysis-MusiCAU/A-MCAU_ZI1785-093.mscx	False	38-74 (D2-D5)	Piano	62-74 (D4-D5)	Piano	38-57 (D2-A3)
A-MCAU_ZI1785-094_SID009	1: 4/4	1: -1	11	11	44.0	11	11	44.0	78.0	73	40	0	0	0	Bendix Friedrich Zinck	"Christ fuhr gen Himmel
"								2021-03-11	Microsoft Windows			"Christ fuhr gen Himmel
"	ZI1785-094	Bendix Friedrich Zinck	3.6.2	2.5.3	1785_VollständigeSammlung/Analysis-MusiCAU	1785_VollständigeSammlung/Analysis-MusiCAU/A-MCAU_ZI1785-094_SID009.mscx	False	38-72 (D2-C5)	Piano	62-72 (D4-C5)	Piano	38-53 (D2-F3)
A-MCAU_ZI1785-095_SID001	1: 4/4	1: 0	11	11	44.0	11	11	44.0	76.0	70	37	0	0	0	Bendix Friedrich Zinck	"Zeuch uns nach dir: so
"								2021-03-11	Microsoft Windows			"Zeuch uns nach dir: so
"	ZI1785-095	Bendix Friedrich Zinck	3.6.2	2.5.3	1785_VollständigeSammlung/Analysis-MusiCAU	1785_VollständigeSammlung/Analysis-MusiCAU/A-MCAU_ZI1785-095_SID001.mscx	False	38-76 (D2-E5)	Piano	67-76 (G4-E5)	Piano	38-55 (D2-G3)
A-MCAU_ZI1785-096_SID052	1: 4/4	1: 1	14	14	56.0	14	14	56.0	108.0	96	50	0	0	0	Bendix Friedrich Zinck	"Nun bitten wir den heilgen Geist
"								2021-03-11	Microsoft Windows			"Nun bitten wir den heilgen Geist
"	ZI1785-096	Bendix Friedrich Zinck	3.6.2	2.5.3	1785_VollständigeSammlung/Analysis-MusiCAU	1785_VollständigeSammlung/Analysis-MusiCAU/A-MCAU_ZI1785-096_SID052.mscx	False	38-76 (D2-E5)	Piano	62-76 (D4-E5)	Piano	38-55 (D2-G3)
A-MCAU_ZI1785-097_SID046	1: 4/4	1: -2	15	15	60.0	15	15	60.0	108.0	101	53	0	0	0	Bendix Friedrich Zinck	"Gott Vater, sende deinen Geist
"								2021-03-11	Microsoft Windows			"Gott Vater, sende deinen Geist
"	ZI1785-097	Bendix Friedrich Zinck	3.6.2	2.5.3	1785_VollständigeSammlung/Analysis-MusiCAU	1785_VollständigeSammlung/Analysis-MusiCAU/A-MCAU_ZI1785-097_SID046.mscx	False	38-74 (D2-D5)	Piano	65-74 (F4-D5)	Piano	38-55 (D2-G3)
A-MCAU_ZI1785-098_SID028	1: 4/4	1: 0	18	18	72.0	23	23	92.0	130.0	120	63	0	0	0	Bendix Friedrich Zinck	"Herr, eifr' um deines Namens Ruhm
"								2021-03-11	Microsoft Windows			"Herr, eifr' um deines Namens Ruhm
"	ZI17875-098	Bendix Friedrich Zinck	3.6.2	2.5.3	1785_VollständigeSammlung/Analysis-MusiCAU	1785_VollständigeSammlung/Analysis-MusiCAU/A-MCAU_ZI1785-098_SID028.mscx	False	40-76 (E2-E5)	Piano	60-76 (C4-E5)	Piano	40-57 (E2-A3)
A-MCAU_ZI1785-099_SID016	1: 4/4	1: 0	12	12	48.0	12	12	48.0	86.0	75	39	0	0	0	Bendix Friedrich Zinck	"Dis sind die Rechte, welche Gott
"								2021-03-11	Microsoft Windows			"Dis sind die Rechte, welche Gott
"	ZI1785-099	Bendix Friedrich Zinck	3.6.2	2.5.3	1785_VollständigeSammlung/Analysis-MusiCAU	1785_VollständigeSammlung/Analysis-MusiCAU/A-MCAU_ZI1785-099_SID016.mscx	False	38-74 (D2-D5)	Piano	65-74 (F4-D5)	Piano	38-55 (D2-G3)
A-MCAU_ZI1785-100_SID033	1: 4/4	1: 1	12	12	48.0	17	17	68.0	86.0	80	44	0	0	0	Bendix Friedrich Zinck	"Der Herr liebt unser Leben
"								2021-03-11	Microsoft Windows			"Der Herr liebt unser Leben
"	ZI1785-100	Bendix Friedrich Zinck	3.6.2	2.5.3	1785_VollständigeSammlung/Analysis-MusiCAU	1785_VollständigeSammlung/Analysis-MusiCAU/A-MCAU_ZI1785-100_SID033.mscx	False	40-74 (E2-D5)	Piano	64-74 (E4-D5)	Piano	40-57 (E2-A3)
A-MCAU_ZI1785-101_SID075	1: 4/4	1: 1	13	13	52.0	18	18	72.0	92.0	84	43	0	0	0	Bendix Friedrich Zinck	Ich bin getauft, und in dein Reich								2021-04-12	Microsoft Windows			Ich bin getauft, und in dein Reich	ZI1785-101	Bendix Friedrich Zinck	3.6.2	2.5.3	1785_VollständigeSammlung/Analysis-MusiCAU	1785_VollständigeSammlung/Analysis-MusiCAU/A-MCAU_ZI1785-101_SID075.mscx	False	38-76 (D2-E5)	Piano	62-76 (D4-E5)	Piano	38-55 (D2-G3)
A-MCAU_ZI1785-102	1: 4/4, 6: 3/4, 10: 4/4	1: 0	11	11	40.0	11	11	40.0	69.0	60	31	0	0	0	Bendix Friedrich Zinck	Das ist mein Leib! so sagte der								2022-07-27	Microsoft Windows			Das ist mein Leib! so sagte der	ZI1785-102	Bendix Friedrich Zinck	3.6.2	2.5.3	1785_VollständigeSammlung/Analysis-MusiCAU	1785_VollständigeSammlung/Analysis-MusiCAU/A-MCAU_ZI1785-102.mscx	False	36-76 (C2-E5)	Piano	60-76 (C4-E5)	Piano	36-59 (C2-B3)
A-MCAU_ZI1785-103	1: 4/4	1: 1	10	10	40.0	10	10	40.0	78.0	79	42	0	0	0	Bendix Friedrich Zinck	Jesus Christut unser Heiland, der von								2022-07-27	Microsoft Windows			Jesus Christus unser Heiland, der von	ZI1785-103	Bendix Friedrich Zinck	3.6.2	2.5.3	1785_VollständigeSammlung/Analysis-MusiCAU	1785_VollständigeSammlung/Analysis-MusiCAU/A-MCAU_ZI1785-103.mscx	False	40-76 (E2-E5)	Piano	64-76 (E4-E5)	Piano	40-55 (E2-G3)
A-MCAU_ZI1785-104	1: 4/4	1: 1	14	14	56.0	14	14	56.0	106.0	98	49	0	0	0	Bendix Friedrich Zinck	Gott sey gelobet und gebenedeyet								2022-07-27	Microsoft Windows			Gott sey gelobet und gebenedeyet	ZI1785-104	Bendix Friedrich Zinck	3.6.2	2.5.3	1785_VollständigeSammlung/Analysis-MusiCAU	1785_VollständigeSammlung/Analysis-MusiCAU/A-MCAU_ZI1785-104.mscx	False	38-76 (D2-E5)	Piano	62-76 (D4-E5)	Piano	38-57 (D2-A3)
A-MCAU_ZI1785-105_SID085	1: 4/4	1: -2	13	13	52.0	18	18	72.0	94.0	89	48	0	0	0	Bendix Friedrich Zinck	Halt im Gedächtniß Jesum Christ								2021-04-12	Microsoft Windows			Halt im Gedächtniß Jesum Christ	ZI1785-105	Bendix Friedrich Zinck	3.6.2	2.5.3	1785_VollständigeSammlung/Analysis-MusiCAU	1785_VollständigeSammlung/Analysis-MusiCAU/A-MCAU_ZI1785-105_SID085.mscx	False	36-74 (C2-D5)	Piano	65-74 (F4-D5)	Piano	36-55 (C2-G3)
A-MCAU_ZI1785-106	1: 4/4	1: 0	12	12	48.0	12	12	48.0	88.0	84	45	0	0	0	Bendix Friedrich Zinck	An dir allein, an dir hab ich								2022-07-27	Microsoft Windows			An dir allein, an dir hab ich	ZI1785-106	Bendix Friedrich Zinck	3.6.2	2.5.3	1785_VollständigeSammlung/Analysis-MusiCAU	1785_VollständigeSammlung/Analysis-MusiCAU/A-MCAU_ZI1785-106.mscx	False	41-76 (F2-E5)	Piano	60-76 (C4-E5)	Piano	41-60 (F2-C4)
A-MCAU_ZI1785-107	1: 4/4	1: 1	14	14	56.0	18	18	72.0	100.0	92	47	0	0	0	Bendix Friedrich Zinck	O großer Gott von Macht								2022-07-27	Microsoft Windows			O großer Gott von Macht	ZI1785-107	Bendix Friedrich Zinck	3.6.2	2.5.3	1785_VollständigeSammlung/Analysis-MusiCAU	1785_VollständigeSammlung/Analysis-MusiCAU/A-MCAU_ZI1785-107.mscx	False	38-74 (D2-D5)	Piano	62-74 (D4-D5)	Piano	38-55 (D2-G3)
A-MCAU_ZI1785-108_SID068	1: 4/4	1: 2	10	10	40.0	14	14	56.0	80.0	74	40	0	0	0	Bendix Friedrich Zinck	Mächtig faßt mich Angst vom Herrn								2021-04-12	Microsoft Windows			Mächtig faßt mich Angst vom Herrn	ZI1785-108	Bendix Friedrich Zinck	3.6.2	2.5.3	1785_VollständigeSammlung/Analysis-MusiCAU	1785_VollständigeSammlung/Analysis-MusiCAU/A-MCAU_ZI1785-108_SID068.mscx	False	38-74 (D2-D5)	Piano	62-74 (D4-D5)	Piano	38-55 (D2-G3)
A-MCAU_ZI1785-109	1: 4/4	1: 1	16	16	64.0	16	16	64.0	116.0	105	57	0	0	0	Bendix Friedrich Zinck	Gebeugte Sünder, hört! der Angst								2022-07-27	Microsoft Windows			Gebeugte Sünder, hört! der Angst	ZI1785-109	Bendix Friedrich Zinck	3.6.2	2.5.3	1785_VollständigeSammlung/Analysis-MusiCAU	1785_VollständigeSammlung/Analysis-MusiCAU/A-MCAU_ZI1785-109.mscx	False	38-76 (D2-E5)	Piano	64-76 (E4-E5)	Piano	38-57 (D2-A3)
A-MCAU_ZI1785-110_SID021	1: 4/4	1: -3	15	15	60.0	20	20	80.0	108.0	107	59	0	0	0	Bendix Friedrich Zinck	"Ich Staub vom Staube, wer bin ich
"								2021-03-12	Microsoft Windows			"Ich Staub vom Staube, wer bin ich
"	ZI1785-110	Bendix Friedrich Zinck	3.6.2	2.5.3	1785_VollständigeSammlung/Analysis-MusiCAU	1785_VollständigeSammlung/Analysis-MusiCAU/A-MCAU_ZI1785-110_SID021.mscx	False	39-75 (Eb2-Eb5)	Piano	63-75 (Eb4-Eb5)	Piano	39-58 (Eb2-Bb3)
A-MCAU_ZI1785-111_SID064	1: 4/4	1: 2	21	21	84.0	21	21	84.0	164.0	139	74	0	0	0	Bendix Friedrich Zinck	Lasset uns beweinen das was wir								2021-04-12	Microsoft Windows			Lasset uns beweinen das was wir	ZI1785-111	Bendix Friedrich Zinck	3.6.2	2.5.3	1785_VollständigeSammlung/Analysis-MusiCAU	1785_VollständigeSammlung/Analysis-MusiCAU/A-MCAU_ZI1785-111_SID064.mscx	False	38-74 (D2-D5)	Piano	62-74 (D4-D5)	Piano	38-54 (D2-F#3)
A-MCAU_ZI1785-112_SID005	1: 4/4	1: -2	17	17	68.0	22	22	88.0	122.0	115	62	0	0	0	Bendix Friedrich Zinck	"Allein zu dir Herr Jesu Christ
"								2021-03-12	Microsoft Windows			"Allein zu dir Herr Jesu Christ
"	ZI1785-112	Bendix Friedrich Zinck	3.6.2	2.5.3	1785_VollständigeSammlung/Analysis-MusiCAU	1785_VollständigeSammlung/Analysis-MusiCAU/A-MCAU_ZI1785-112_SID005.mscx	False	38-75 (D2-Eb5)	Piano	62-75 (D4-Eb5)	Piano	38-55 (D2-G3)
A-MCAU_ZI1785-113	1: 4/4	1: 2	16	16	64.0	21	21	84.0	114.0	97	49	0	0	0	Bendix Friedrich Zinck	Von ganzen Hertzen rühmen wir								2022-07-27	Microsoft Windows			Von ganzen Hertzen rühmen wir	ZI1785-113	Bendix Friedrich Zinck	3.6.2	2.5.3	1785_VollständigeSammlung/Analysis-MusiCAU	1785_VollständigeSammlung/Analysis-MusiCAU/A-MCAU_ZI1785-113.mscx	False	38-74 (D2-D5)	Piano	62-74 (D4-D5)	Piano	38-55 (D2-G3)
A-MCAU_ZI1785-114_SID022	1: 4/4	1: -2	10	10	40.0	10	10	40.0	72.0	71	38	0	0	0	Bendix Friedrich Zinck	"Erhalt uns Herr bei deinem Wort
"								2021-03-12	Microsoft Windows			"Erhalt uns Herr bei deinem Wort
"	ZI1785-114	Bendix Friedrich Zinck	3.6.2	2.5.3	1785_VollständigeSammlung/Analysis-MusiCAU	1785_VollständigeSammlung/Analysis-MusiCAU/A-MCAU_ZI1785-114_SID022.mscx	False	38-77 (D2-F5)	Piano	66-77 (F#4-F5)	Piano	38-58 (D2-Bb3)
A-MCAU_ZI1785-115_SID027	1: 4/4	1: 1	13	13	52.0	18	18	72.0	94.0	88	47	0	0	0	Bendix Friedrich Zinck	"Erkühnt sich schon der Gleißner Mund
"								2021-03-12	Microsoft Windows			"Erkühnt sich schon der Gleißner Mund
"	ZI1785-115	Bendix Friedrich Zinck	3.6.2	2.5.3	1785_VollständigeSammlung/Analysis-MusiCAU	1785_VollständigeSammlung/Analysis-MusiCAU/A-MCAU_ZI1785-115_SID027.mscx	False	38-74 (D2-D5)	Piano	62-74 (D4-D5)	Piano	38-55 (D2-G3)
A-MCAU_ZI1785-116_SID049	1: 4/4	1: 0	22	22	88.0	28	28	112.0	160.0	153	79	0	0	0	Bendix Friedrich Zinck	"Mein Heiland nimmt die Sünder an
"								2021-03-12	Microsoft Windows			"Mein Heiland nimmt die Sünder an
"	ZI1785-116	Bendix Friedrich Zinck	3.6.2	2.5.3	1785_VollständigeSammlung/Analysis-MusiCAU	1785_VollständigeSammlung/Analysis-MusiCAU/A-MCAU_ZI1785-116_SID049.mscx	False	36-76 (C2-E5)	Piano	60-76 (C4-E5)	Piano	36-55 (C2-G3)
A-MCAU_ZI1785-117_SID063	1: 4/4	1: -1	11	11	44.0	11	11	44.0	86.0	81	42	0	0	0	Bendix Friedrich Zinck	Wie begnadigt seyd ihr doch, ihr Frommen								2021-04-12	Microsoft Windows			Wie begnadigt seyd ihr doch, ihr Frommen	ZI1785-117	Bendix Friedrich Zinck	3.6.2	2.5.3	1785_VollständigeSammlung/Analysis-MusiCAU	1785_VollständigeSammlung/Analysis-MusiCAU/A-MCAU_ZI1785-117_SID063.mscx	False	38-76 (D2-E5)	Piano	64-76 (E4-E5)	Piano	38-57 (D2-A3)
A-MCAU_ZI1785-118	1: 4/4	1: -2	12	12	48.0	12	12	48.0	88.0	82	42	0	0	0	Bendix Friedrich Zinck	Ich bins voll zuversicht: am Ende								2022-07-27	Microsoft Windows			Ich bins voll zuversicht: am Ende	ZI1785-118	Bendix Friedrich Zinck	3.6.2	2.5.3	1785_VollständigeSammlung/Analysis-MusiCAU	1785_VollständigeSammlung/Analysis-MusiCAU/A-MCAU_ZI1785-118.mscx	False	36-75 (C2-Eb5)	Piano	62-75 (D4-Eb5)	Piano	36-58 (C2-Bb3)
A-MCAU_ZI1785-119a_SID040	1: 4/4	1: 0	12	12	48.0	12	12	48.0	86.0	73	37	0	0	0	Bendix Friedrich Zinck	"Gott hab ich alles heimgestellt [Melodie a]
"								2021-03-12	Microsoft Windows			"Gott hab ich alles heimgestellt [Melodie a]
"	ZI1785-119a	Bendix Friedrich Zinck	3.6.2	2.5.3	1785_VollständigeSammlung/Analysis-MusiCAU	1785_VollständigeSammlung/Analysis-MusiCAU/A-MCAU_ZI1785-119a_SID040.mscx	False	43-74 (G2-D5)	Piano	66-74 (F#4-D5)	Piano	43-55 (G2-G3)
A-MCAU_ZI1785-119b	1: 4/4	1: 0	13	13	52.0	13	13	52.0	90.0	77	41	0	0	0	Bendix Friedrich Zinck	Gott hab ich alles heimgestellt								2022-07-27	Microsoft Windows			Gott hab ich alles heimgestellt	ZI1785-119b	Bendix Friedrich Zinck	3.6.2	2.5.3	1785_VollständigeSammlung/Analysis-MusiCAU	1785_VollständigeSammlung/Analysis-MusiCAU/A-MCAU_ZI1785-119b.mscx	False	38-72 (D2-C5)	Piano	66-72 (F#4-C5)	Piano	38-55 (D2-G3)
A-MCAU_ZI1785-120_SID056	1: 4/4	1: -2	10	10	40.0	10	10	40.0	72.0	71	39	0	0	0	Bendix Friedrich Zinck	"Begrabt den Leib in seine Gruft
"								2021-03-15	Microsoft Windows			"Begrabt den Leib in seine Gruft
"	ZI1785-120	Bendix Friedrich Zinck	3.6.2	2.5.3	1785_VollständigeSammlung/Analysis-MusiCAU	1785_VollständigeSammlung/Analysis-MusiCAU/A-MCAU_ZI1785-120_SID056.mscx	False	38-75 (D2-Eb5)	Piano	67-75 (G4-Eb5)	Piano	38-55 (D2-G3)
A-MCAU_ZI1785-121	1: 4/4	1: -2	11	11	44.0	11	11	44.0	80.0	77	40	0	0	0	Bendix Friedrich Zinck	Wer hat den Glauben, dessen Früchte								2022-07-27	Microsoft Windows			Wer hat den Glauben, dessen Früchte	ZI1785-121	Bendix Friedrich Zinck	3.6.2	2.5.3	1785_VollständigeSammlung/Analysis-MusiCAU	1785_VollständigeSammlung/Analysis-MusiCAU/A-MCAU_ZI1785-121.mscx	False	38-77 (D2-F5)	Piano	66-77 (F#4-F5)	Piano	38-58 (D2-Bb3)
A-MCAU_ZI1785-122	1: 4/4	1: 0	17	17	68.0	23	23	92.0	124.0	113	58	0	0	0	Bendix Friedrich Zinck	Wenn zur Vollführung deiner Pflicht								2022-07-27	Microsoft Windows			Wenn zur Vollführung deiner Pflicht	ZI1785-122	Bendix Friedrich Zinck	3.6.2	2.5.3	1785_VollständigeSammlung/Analysis-MusiCAU	1785_VollständigeSammlung/Analysis-MusiCAU/A-MCAU_ZI1785-122.mscx	False	38-74 (D2-D5)	Piano	60-74 (C4-D5)	Piano	38-57 (D2-A3)
A-MCAU_ZI1785-123	1: 4/4	1: -3	48	48	192.0	48	48	192.0	352.0	331	171	0	0	0	Bendix Friedrich Zinck	Anbetend stand der Seher Gottes da								2022-07-27	Microsoft Windows			Anbetend stand der Seher Gottes da	ZI1785-123	Bendix Friedrich Zinck	3.6.2	2.5.3	1785_VollständigeSammlung/Analysis-MusiCAU	1785_VollständigeSammlung/Analysis-MusiCAU/A-MCAU_ZI1785-123.mscx	False	39-77 (Eb2-F5)	Piano	62-77 (D4-F5)	Piano	39-58 (Eb2-Bb3)
A-MCAU_ZI1785-124	1: 4/4	1: 1	14	14	56.0	14	14	56.0	100.0	93	48	0	0	0	Bendix Friedrich Zinck	Ich will mein ganzes Hertz								2022-07-27	Microsoft Windows			Ich will mein ganzes Hertz	ZI1785-124	Bendix Friedrich Zinck	3.6.2	2.5.3	1785_VollständigeSammlung/Analysis-MusiCAU	1785_VollständigeSammlung/Analysis-MusiCAU/A-MCAU_ZI1785-124.mscx	False	38-77 (D2-F5)	Piano	62-77 (D4-F5)	Piano	38-57 (D2-A3)
A-MCAU_ZI1785-125	1: 4/4	1: 2	17	17	68.0	17	17	68.0	124.0	117	60	0	0	0	Bendix Friedrich Zinck	Dir danck ich heute für mein Leben								2022-07-27	Microsoft Windows			Dir danck ich heute für mein Leben	ZI1785-125	Bendix Friedrich Zinck	3.6.2	2.5.3	1785_VollständigeSammlung/Analysis-MusiCAU	1785_VollständigeSammlung/Analysis-MusiCAU/A-MCAU_ZI1785-125.mscx	False	38-74 (D2-D5)	Piano	62-74 (D4-D5)	Piano	38-55 (D2-G3)
A-MCAU_ZI1785-126	1: 4/4	1: 1	12	12	48.0	12	12	48.0	86.0	78	42	0	0	0	Bendix Friedrich Zinck	Ich bin ein Christ! mein Hertz ist ruhig								2022-07-27	Microsoft Windows			Ich bin ein Christ! mein Hertz ist ruhig	ZI1785-126	Bendix Friedrich Zinck	3.6.2	2.5.3	1785_VollständigeSammlung/Analysis-MusiCAU	1785_VollständigeSammlung/Analysis-MusiCAU/A-MCAU_ZI1785-126.mscx	False	38-76 (D2-E5)	Piano	62-76 (D4-E5)	Piano	38-59 (D2-B3)
A-MCAU_ZI1785-127_SID003	1: 4/4	1: 1	12	12	48.0	12	12	48.0	96.0	93	47	0	0	0	Bendix Friedrich Zinck	"Ach, wie ist der Menschen Liebe
"								2021-03-12	Microsoft Windows			"Ach, wie ist der Menschen Liebe
"	ZI1785-127	Bendix Friedrich Zinck	3.6.2	2.5.3	1785_VollständigeSammlung/Analysis-MusiCAU	1785_VollständigeSammlung/Analysis-MusiCAU/A-MCAU_ZI1785-127_SID003.mscx	False	38-76 (D2-E5)	Piano	64-76 (E4-E5)	Piano	38-59 (D2-B3)
A-MCAU_ZI1785-128_SID079	1: 4/4	1: 1	10	10	40.0	10	10	40.0	72.0	69	37	0	0	0	Bendix Friedrich Zinck	Wenn wir vor Kummer fast vergehn								2021-04-12	Microsoft Windows			Wenn wir vor Kummer fast vergehn	ZI1785-128	Bendix Friedrich Zinck	3.6.2	2.5.3	1785_VollständigeSammlung/Analysis-MusiCAU	1785_VollständigeSammlung/Analysis-MusiCAU/A-MCAU_ZI1785-128_SID079.mscx	False	38-74 (D2-D5)	Piano	62-74 (D4-D5)	Piano	38-55 (D2-G3)
A-MCAU_ZI1785-129	1: 4/4	1: 2	15	15	60.0	15	15	60.0	108.0	97	49	0	0	0	Bendix Friedrich Zinck	Wer bin ich von Natur								2022-07-27	Microsoft Windows			Wer bin ich von Natur	ZI1785-129	Bendix Friedrich Zinck	3.6.2	2.5.3	1785_VollständigeSammlung/Analysis-MusiCAU	1785_VollständigeSammlung/Analysis-MusiCAU/A-MCAU_ZI1785-129.mscx	False	40-74 (E2-D5)	Piano	62-74 (D4-D5)	Piano	40-57 (E2-A3)
A-MCAU_ZI1785-130	1: 4/4	1: 1	19	19	76.0	19	19	76.0	140.0	131	67	0	0	0	Bendix Friedrich Zinck	Herr lehre mich, wenn ich der Tugend diene								2022-07-27	Microsoft Windows			Herr lehre mich, wenn ich der Tugend diene	ZI1785-130	Bendix Friedrich Zinck	3.6.2	2.5.3	1785_VollständigeSammlung/Analysis-MusiCAU	1785_VollständigeSammlung/Analysis-MusiCAU/A-MCAU_ZI1785-130.mscx	False	38-76 (D2-E5)	Piano	62-76 (D4-E5)	Piano	38-59 (D2-B3)
A-MCAU_ZI1785-131	1: 4/4	1: 2	10	10	40.0	10	10	40.0	72.0	69	36	0	0	0	Bendix Friedrich Zinck	Besitz ich nur ein ruhiges Gewissen								2022-07-27	Microsoft Windows			Besitz ich nur ein ruhiges Gewissen	ZI1785-131	Bendix Friedrich Zinck	3.6.2	2.5.3	1785_VollständigeSammlung/Analysis-MusiCAU	1785_VollständigeSammlung/Analysis-MusiCAU/A-MCAU_ZI1785-131.mscx	False	38-74 (D2-D5)	Piano	62-74 (D4-D5)	Piano	38-52 (D2-E3)
A-MCAU_ZI1785-132	1: 4/4	1: 0	10	10	40.0	10	10	40.0	72.0	68	35	0	0	0	Bendix Friedrich Zinck	Nie will ich dem zu schaden suchen								2022-07-27	Microsoft Windows			Nie will ich dem zu schaden suchen	ZI1785-132	Bendix Friedrich Zinck	3.6.2	2.5.3	1785_VollständigeSammlung/Analysis-MusiCAU	1785_VollständigeSammlung/Analysis-MusiCAU/A-MCAU_ZI1785-132.mscx	False	40-76 (E2-E5)	Piano	62-76 (D4-E5)	Piano	40-57 (E2-A3)
A-MCAU_ZI1785-133	1: 4/4	1: 3	9	9	36.0	9	9	36.0	72.0	67	34	0	0	0	Bendix Friedrich Zinck	Diesen Samen seegne Gott								2022-06-24	Microsoft Windows			Diesen Samen seegne Gott	ZI1785-133	Bendix Friedrich Zinck	3.6.2	2.5.3	1785_VollständigeSammlung/Analysis-MusiCAU	1785_VollständigeSammlung/Analysis-MusiCAU/A-MCAU_ZI1785-133.mscx	False	40-76 (E2-E5)	Piano	64-76 (E4-E5)	Piano	40-57 (E2-A3)
A-MCAU_ZI1785-134_SID070	1: 4/4	1: -2	13	13	52.0	13	13	52.0	94.0	90	47	0	0	0	Bendix Friedrich Zinck	Verleih uns Frieden gnädiglich								2021-04-12	Microsoft Windows			Verleih uns Frieden gnädiglich	ZI1785-134	Bendix Friedrich Zinck	3.6.2	2.5.3	1785_VollständigeSammlung/Analysis-MusiCAU	1785_VollständigeSammlung/Analysis-MusiCAU/A-MCAU_ZI1785-134_SID070.mscx	False	38-77 (D2-F5)	Piano	66-77 (F#4-F5)	Piano	38-58 (D2-Bb3)
A-MCAU_ZI1785-135	1: 4/4	1: -1	21	21	84.0	21	21	84.0	152.0	147	78	0	0	0	Bendix Friedrich Zinck	Mein Leben ist ein Prüfungsstand								2022-07-27	Microsoft Windows			Mein Leben ist ein Prüfungsstand	ZI1785-135	Bendix Friedrich Zinck	3.6.2	2.5.3	1785_VollständigeSammlung/Analysis-MusiCAU	1785_VollständigeSammlung/Analysis-MusiCAU/A-MCAU_ZI1785-135.mscx	False	36-74 (C2-D5)	Piano	64-74 (E4-D5)	Piano	36-55 (C2-G3)
A-MCAU_ZI1785-136_SID087	1: 4/4	1: 1	17	17	68.0	17	17	68.0	124.0	114	59	0	0	0	Bendix Friedrich Zinck	Was sorgst du ängstlich für dein Leben								2022-08-24	Microsoft Windows			Was sorgst du ängstlich für dein Leben	ZI1785-136	Bendix Friedrich Zinck	3.6.2	2.5.3	1785_VollständigeSammlung/Analysis-MusiCAU	1785_VollständigeSammlung/Analysis-MusiCAU/A-MCAU_ZI1785-136_SID087.mscx	False	38-74 (D2-D5)	Piano	64-74 (E4-D5)	Piano	38-57 (D2-A3)
A-MCAU_ZI1785-137	1: 4/4	1: 0	621	621	2484.0	621	621	2484.0	2336.0	1050	1050	0	0	0	Bendix Friedrich Zinck	Die Litaney								2023-07-25	Microsoft Windows			Die Litaney	ZI1785-137	Bendix Friedrich Zinck	3.6.2	2.5.3	1785_VollständigeSammlung/Analysis-MusiCAU	1785_VollständigeSammlung/Analysis-MusiCAU/A-MCAU_ZI1785-137.mscx	False	64-72 (E4-C5)	Piano	64-72 (E4-C5)		
A-MCAU_ZI1785-138	1: 4/4	1: 0	597	597	2388.0	597	597	2388.0	2264.0	989	989	0	0	0	Bendix Friedrich Zinck	Eine andere Litaney								2023-07-25	Microsoft Windows			Eine andere Litaney	ZI1785-138	Bendix Friedrich Zinck	3.6.2	2.5.3	1785_VollständigeSammlung/Analysis-MusiCAU	1785_VollständigeSammlung/Analysis-MusiCAU/A-MCAU_ZI1785-138.mscx	False	64-72 (E4-C5)	Piano	64-72 (E4-C5)		
